max_diff,last_diff,mean_diff,id,label,soft_label
5.669487847222222,5.584174262152778,5.370655140616291,TRAIN_0001,unstable,0.6059351362999678
15.987664116753471,12.8240966796875,12.723947423667724,TRAIN_0002,unstable,0.7698697338648852
4.080641004774305,3.9531724717881946,3.7410242483988876,TRAIN_0003,unstable,0.5806916280573214
4.239963107638889,4.208638509114583,4.120576051210923,TRAIN_0004,unstable,0.5832229285637324
1.3280164930555556,1.3272840711805556,1.2996968383108627,TRAIN_0005,stable,0.011293100090776451
2.2761027018229165,2.1915351019965277,2.1524425267021434,TRAIN_0006,unstable,0.552021226160974
16.6240234375,16.230821397569443,15.661210971975452,TRAIN_0007,unstable,0.7799801745501562
11.494194878472221,11.4315185546875,10.65198538676375,TRAIN_0008,unstable,0.6984777502424308
4.01953125,3.90545654296875,3.688121238546893,TRAIN_0009,unstable,0.5797207197500269
2.0534803602430554,2.0526936848958335,2.0188852208823977,TRAIN_0010,stable,0.05616111472286218
6.923909505208333,5.61212158203125,5.4091462100229935,TRAIN_0011,unstable,0.6258653162374744
2.6161024305555554,2.6149156358506946,2.5762730785924144,TRAIN_0012,stable,0.09095779643904645
5.941521538628472,5.92694091796875,5.717790425731895,TRAIN_0013,unstable,0.610257192112919
5.45782470703125,5.24822998046875,4.989578819771054,TRAIN_0014,unstable,0.6025722443702187
5.083530002170139,5.007527669270833,4.6823328330764005,TRAIN_0015,unstable,0.5966254713931689
4.04327392578125,3.6387193467881946,3.532399642870622,TRAIN_0016,unstable,0.5800979420321086
1.9898206922743056,1.9887763129340277,1.9480819220172565,TRAIN_0017,stable,0.05222393322687823
21.58075629340278,19.44805230034722,18.06409548756271,TRAIN_0018,unstable,0.8587324641741192
5.9560546875,5.861470540364583,5.669326288910082,TRAIN_0019,unstable,0.6104880939553927
2.18621826171875,2.18621826171875,2.1517642448932786,TRAIN_0020,stable,0.06437060161120715
8.753553602430555,8.743306477864584,8.532949390220006,TRAIN_0021,unstable,0.6549345975649176
1.4699571397569444,1.4662882486979167,1.4377763025913928,TRAIN_0022,stable,0.020071752345058372
2.1505330403645835,2.1490546332465277,2.1107679216093578,TRAIN_0023,stable,0.06216356538750762
2.53436279296875,2.5328165690104165,2.4941891628054162,TRAIN_0024,stable,0.08590241681072062
1.5039265950520833,1.5007052951388888,1.4721110388941143,TRAIN_0025,stable,0.0221726729920578
2.2080145941840277,2.207736545138889,2.1715446480673424,TRAIN_0026,stable,0.0657186469215398
2.9833306206597223,2.9828084309895835,2.9314327743229747,TRAIN_0027,stable,0.11366988528612561
5.27947998046875,5.253302680121528,4.882800342867427,TRAIN_0028,unstable,0.5997387135007004
12.891031901041666,12.791863335503471,11.69642564879169,TRAIN_0029,unstable,0.7206706173903674
4.422098795572917,4.246629503038195,3.992419506173647,TRAIN_0030,unstable,0.5861166900118522
2.187255859375,2.1872490776909723,2.152878391658538,TRAIN_0031,stable,0.06443477427221553
3.0783013237847223,3.072543674045139,3.0081873524813614,TRAIN_0032,stable,0.11954357119959737
11.593126085069445,11.427313910590279,11.133996096653195,TRAIN_0033,unstable,0.7000495636246095
4.405171712239583,4.248928493923611,4.168188326866464,TRAIN_0034,unstable,0.5858477534748411
1.4908718532986112,1.4884982638888888,1.4593184239711072,TRAIN_0035,stable,0.02136527186499175
1.7679578993055556,1.74517822265625,1.7187607962595224,TRAIN_0036,stable,0.03850230835832433
16.348897298177082,15.215813530815971,14.638267945197825,TRAIN_0037,unstable,0.7756089861006357
5.216729058159722,5.118550618489583,4.9829014693437035,TRAIN_0038,unstable,0.598741730416981
3.8057454427083335,3.7390340169270835,3.425895517973685,TRAIN_0039,unstable,0.5763241030061417
1.6416015625,1.6314358181423612,1.60335776372631,TRAIN_0040,stable,0.030687504306638663
1.8011813693576388,1.8011813693576388,1.7605528446964418,TRAIN_0041,stable,0.04055709179806284
2.4746771918402777,2.4715440538194446,2.433709106672125,TRAIN_0042,stable,0.08221102080069026
2.3632948133680554,2.360568576388889,2.325284540409583,TRAIN_0043,stable,0.0753223163274783
3.5246785481770835,3.4648301866319446,3.4131219325921474,TRAIN_0044,unstable,0.5718585281758432
1.9565497504340277,1.9562581380208333,1.917039863419152,TRAIN_0045,stable,0.05016621378304128
1.322021484375,1.3203328450520833,1.293201550016258,TRAIN_0046,stable,0.010922324716061436
21.98003472222222,20.05889214409722,18.330267286353816,TRAIN_0047,unstable,0.8650761771360845
3.1458536783854165,3.1458536783854165,3.100172368180393,TRAIN_0048,stable,0.12372150503165194
2.327914767795139,2.3244561089409723,2.2935236686669684,TRAIN_0049,stable,0.07313415441584005
4.939846462673611,4.735521104600695,4.439404609875801,TRAIN_0050,unstable,0.5943426354918652
16.865037706163193,16.25970458984375,15.84566363700036,TRAIN_0051,unstable,0.7838093955392738
5.276190863715278,5.135328504774305,4.87522277491813,TRAIN_0052,unstable,0.5996864562008405
1.6434190538194444,1.6363186306423612,1.608291722371737,TRAIN_0053,stable,0.03079991132069254
4.732340494791667,4.6494140625,4.543219400134418,TRAIN_0054,unstable,0.5910457924792587
2.2329169379340277,2.2322455512152777,2.1968810876387725,TRAIN_0055,stable,0.06725879078574061
1.6095309787326388,1.6043497721354167,1.5754382737016908,TRAIN_0056,stable,0.028704023823576112
17.39476860894097,15.76211208767361,15.417388950037449,TRAIN_0057,unstable,0.7922257299859929
2.3798692491319446,2.3747151692708335,2.342961941098511,TRAIN_0058,stable,0.07634740118698453
2.4433051215277777,2.4205525716145835,2.403591647904764,TRAIN_0059,stable,0.08027074152079021
6.13592529296875,6.052836100260417,5.451190836497817,TRAIN_0060,unstable,0.6133458679021657
2.9983723958333335,2.9920111762152777,2.9297672244794573,TRAIN_0061,stable,0.11460017915616849
1.765380859375,1.7445949978298612,1.7181790003498352,TRAIN_0062,stable,0.0383429252786957
2.105984157986111,2.105129665798611,2.067355844532411,TRAIN_0063,stable,0.05940833525571698
2.3230116102430554,2.3176744249131946,2.2880448844963532,TRAIN_0064,stable,0.07283090713538873
5.361992730034722,5.341288248697917,5.1920855071012175,TRAIN_0065,unstable,0.6010496713716195
27.41669379340278,26.2091064453125,25.371824856364384,TRAIN_0066,unstable,0.9514535071651762
3.389736599392361,3.2615424262152777,3.199908576548564,TRAIN_0067,unstable,0.5697145781704558
6.160549587673611,5.502332899305555,5.304726012707287,TRAIN_0068,unstable,0.61373709729555
2.1205376519097223,2.1205376519097223,2.0747554783305464,TRAIN_0069,stable,0.060308430226461804
11.374776204427084,10.995524088541666,10.671233688575633,TRAIN_0070,unstable,0.6965804331429803
1.7424452039930556,1.7415364583333333,1.7056807195861206,TRAIN_0071,stable,0.036924415870000935
4.552218967013889,4.448018391927083,4.35470359912817,TRAIN_0072,unstable,0.588184031893115
11.20064968532986,11.080322265625,10.592606231564707,TRAIN_0073,unstable,0.6938139209136946
6.037692599826389,5.9344482421875,5.441123120362144,TRAIN_0074,unstable,0.6117851524620193
1.9733072916666667,1.9729275173611112,1.9317542125371607,TRAIN_0075,stable,0.05120262322978428
2.830722384982639,2.8276435004340277,2.783464594075158,TRAIN_0076,stable,0.10423147096801254
12.89840359157986,12.045084635416666,11.683691664815878,TRAIN_0077,unstable,0.7207877383902597
1.95928955078125,1.95928955078125,1.91909956746011,TRAIN_0078,stable,0.05033566316243593
15.40053982204861,15.39516872829861,14.732309761741975,TRAIN_0079,unstable,0.7605415364723629
2.105014377170139,2.1028374565972223,2.0682756359450485,TRAIN_0080,stable,0.05934835688627778
10.27164035373264,10.044175889756945,9.775285747050354,TRAIN_0081,unstable,0.6790538735050102
3.3297051323784723,3.32745361328125,3.2761885275498766,TRAIN_0082,stable,0.13509222947568364
3.0579698350694446,3.057956271701389,3.0114622481114712,TRAIN_0083,stable,0.11828612258715891
1.6198187934027777,1.6121080186631944,1.5837337021843645,TRAIN_0084,stable,0.029340297854619855
2.331875271267361,2.3277994791666665,2.2949818214578106,TRAIN_0085,stable,0.07337910104347983
2.397983127170139,2.39361572265625,2.359440072412962,TRAIN_0086,stable,0.077467696465111
5.326680501302083,5.108391655815972,4.900037659893511,TRAIN_0087,unstable,0.6004886326904428
12.967536078559029,12.878729926215279,12.531431268290135,TRAIN_0088,unstable,0.7218861114104084
9.209886338975695,9.179823133680555,8.717586181368452,TRAIN_0089,unstable,0.6621847861221851
1.9536810980902777,1.9534233940972223,1.914465862771739,TRAIN_0090,stable,0.04998879524966521
2.4547186957465277,2.4500664605034723,2.416623844528057,TRAIN_0091,stable,0.08097664079188224
1.5900132921006944,1.5852796766493056,1.5562073683836164,TRAIN_0092,stable,0.027496906709967732
26.513502332899307,24.91219753689236,23.999722586028952,TRAIN_0093,unstable,0.9371036526236398
1.3253445095486112,1.3241170247395833,1.2966830261752136,TRAIN_0094,stable,0.011127845002950982
9.9521484375,9.850850423177084,9.086360754199474,TRAIN_0095,unstable,0.6739778041159358
2.3072984483506946,2.303493923611111,2.2722111719330638,TRAIN_0096,stable,0.07185908977881106
3.4286973741319446,3.07550048828125,2.9539389835330727,TRAIN_0097,unstable,0.5703335847430234
1.6387396918402777,1.6308119032118056,1.6028600470898366,TRAIN_0098,stable,0.030510505202419505
1.3537801106770833,1.3536919487847223,1.3243983171988225,TRAIN_0099,stable,0.012886511457905783
3.7143147786458335,3.5399102105034723,3.4749236232682446,TRAIN_0100,unstable,0.5748714578170456
13.367811414930555,13.193535698784721,12.204632461757653,TRAIN_0101,unstable,0.7282456631828467
1.3176066080729167,1.3165283203125,1.289176926742208,TRAIN_0102,stable,0.01064927633490819
5.863667805989583,5.788180881076389,5.386360137270358,TRAIN_0103,unstable,0.6090202564378839
3.035190158420139,3.035190158420139,2.991971642853203,TRAIN_0104,stable,0.11687726004907323
9.785895453559029,9.38385009765625,9.159362906374838,TRAIN_0105,unstable,0.6713363861652839
12.915425618489584,12.764940049913195,12.401819881919765,TRAIN_0106,unstable,0.7210581833854111
3.3367513020833335,3.2383287217881946,3.170495074728261,TRAIN_0107,unstable,0.5688727507811658
4.421393500434028,4.220370822482639,4.034963731825994,TRAIN_0108,unstable,0.5861054843228101
1.7332695855034723,1.7329915364583333,1.6960012832125604,TRAIN_0109,stable,0.03635692822069165
4.621934678819445,4.545783148871528,4.3014347866005895,TRAIN_0110,unstable,0.5892916711561255
5.438076443142361,5.233554416232639,5.003007642844493,TRAIN_0111,unstable,0.6022584850770392
8.670172797309029,8.60213894314236,7.661570673403532,TRAIN_0112,unstable,0.6536098480767158
5.807569715711805,5.716220431857639,5.369638318955255,TRAIN_0113,unstable,0.6081289731709946
6.048495822482639,6.002577039930555,5.714722087949415,TRAIN_0114,unstable,0.6119567934489818
3.156039767795139,3.156039767795139,3.1130607205224012,TRAIN_0115,stable,0.12435148762534193
3.1295166015625,3.1295166015625,3.0839836945634755,TRAIN_0116,stable,0.12271110019263784
3.0626288519965277,3.06243896484375,3.01744856988573,TRAIN_0117,stable,0.11857427041796118
4.564534505208333,4.280083550347222,4.048421541495379,TRAIN_0118,unstable,0.5883797004633122
12.887254503038195,12.781175401475695,12.228467518137714,TRAIN_0119,unstable,0.7206106023057861
2.9287516276041665,2.9284600151909723,2.8785399710188475,TRAIN_0120,stable,0.11029431943125406
4.688802083333333,4.654168023003472,4.311694952866616,TRAIN_0121,unstable,0.5903540566749274
2.1574639214409723,2.1574639214409723,2.113469118524422,TRAIN_0122,stable,0.06259222198587723
27.2867431640625,24.97699652777778,23.994627046390168,TRAIN_0123,unstable,0.9493888589591639
2.13494873046875,2.13494873046875,2.0908673987074975,TRAIN_0124,stable,0.061199717184911344
1.7930230034722223,1.7762518988715277,1.7495643164933457,TRAIN_0125,stable,0.04005251852229117
9.913519965277779,9.638251410590279,9.23159171975886,TRAIN_0126,unstable,0.6733640771468592
7.621297200520833,7.324184841579861,6.954689777194234,TRAIN_0127,unstable,0.6369453722659196
2.955898708767361,2.9479912651909723,2.8895823671134684,TRAIN_0128,stable,0.11197329434639458
5.629184299045139,5.350477430555555,5.054336258666039,TRAIN_0129,unstable,0.605294795819416
21.176255967881943,19.10242377387153,17.42997888560102,TRAIN_0130,unstable,0.8523057860144381
10.806389702690971,10.775166829427084,10.193411927380911,TRAIN_0131,unstable,0.6875499407391445
7.885545518663195,6.841281467013889,6.573783860335959,TRAIN_0132,unstable,0.6411437345113673
3.14239501953125,3.14239501953125,3.095932522833635,TRAIN_0133,stable,0.12350759616162406
5.416775173611111,5.402947319878472,5.06162053579205,TRAIN_0134,unstable,0.6019200517185649
5.454867892795139,5.155836317274305,5.034897525352157,TRAIN_0135,unstable,0.6025252666738499
2.116299099392361,2.1161092122395835,2.074018270718657,TRAIN_0136,stable,0.060046287003388404
1.3248562282986112,1.3233981662326388,1.2959277643142069,TRAIN_0137,stable,0.011097646103652927
2.2232259114583335,2.2192518446180554,2.184624611334657,TRAIN_0138,stable,0.0666594265205056
2.152072482638889,2.151455349392361,2.112398610421602,TRAIN_0139,stable,0.06225877580612787
2.0652601453993054,2.0642225477430554,2.0287328384836028,TRAIN_0140,stable,0.05688966316842777
2.9624565972222223,2.9622124565972223,2.9109795101510243,TRAIN_0141,stable,0.11237888234113375
2.6942003038194446,2.688503689236111,2.647997733874199,TRAIN_0142,stable,0.09578794261010766
17.69066704644097,17.596116807725693,16.832254478542477,TRAIN_0143,unstable,0.796926947527206
2.2184651692708335,2.2184583875868054,2.1826905612385614,TRAIN_0144,stable,0.06636498725234957
2.7241685655381946,2.668857150607639,2.5719247489824295,TRAIN_0145,unstable,0.5591400711130267
3.882846408420139,3.5629747178819446,3.5092264924604004,TRAIN_0146,unstable,0.5775490787630644
4.371751573350695,4.037021213107639,3.983947821949903,TRAIN_0147,unstable,0.5853167762094602
1.5723198784722223,1.5665351019965277,1.5378340398986203,TRAIN_0148,stable,0.02640261603957015
5.361504448784722,5.329569498697917,4.911078763158735,TRAIN_0149,unstable,0.601041913586898
2.6028374565972223,2.599155002170139,2.5663847255246077,TRAIN_0150,stable,0.09013739300811598
4.273918999565972,4.252346462673611,4.161284799338362,TRAIN_0151,unstable,0.583762417842905
1.7373996310763888,1.7372097439236112,1.7015770749503554,TRAIN_0152,stable,0.03661236057725436
6.32000732421875,5.961066351996528,5.675911644319316,TRAIN_0153,unstable,0.6162705527421615
2.799072265625,2.791469997829861,2.7517747825869217,TRAIN_0154,stable,0.10227399509267888
4.724087185329861,4.722086588541667,4.362531091412928,TRAIN_0155,unstable,0.5909146643680638
1.4153103298611112,1.4129774305555556,1.3841521887919221,TRAIN_0156,stable,0.01669199219861768
2.6477525499131946,2.6426255967881946,2.609446082935596,TRAIN_0157,stable,0.09291527231438015
3.294284396701389,3.2266438802083335,3.1607392706954314,TRAIN_0158,unstable,0.5681980390044177
1.9468655056423612,1.9468655056423612,1.907929271980096,TRAIN_0159,stable,0.04956726894696319
6.042650010850695,5.669521755642361,5.382663733894521,TRAIN_0160,unstable,0.6118639155263442
12.004231770833334,11.954399956597221,11.510621750235158,TRAIN_0161,unstable,0.7065811873720504
3.9171685112847223,3.7272271050347223,3.4846728043855673,TRAIN_0162,unstable,0.5780943863807779
18.28189425998264,17.84270562065972,17.26200789016049,TRAIN_0163,unstable,0.8063203318607909
5.77850341796875,5.764411078559028,5.50804582168426,TRAIN_0164,unstable,0.6076671694860468
3.6515638563368054,3.5495469835069446,3.484954437063069,TRAIN_0165,unstable,0.5738744747333262
12.25014919704861,12.217753092447916,11.506619898903462,TRAIN_0166,unstable,0.7104883094494128
1.8101467556423612,1.7905680338541667,1.7628401774360716,TRAIN_0167,stable,0.041111577143507695
11.65744357638889,10.93597412109375,10.667115641366767,TRAIN_0168,unstable,0.7010714362676436
2.7186414930555554,2.7119886610243054,2.679382936611622,TRAIN_0169,stable,0.09729956529163808
2.1816948784722223,2.1814439561631946,2.1375200093700646,TRAIN_0170,stable,0.06409084236354323
2.9778238932291665,2.9740058051215277,2.9056544365912997,TRAIN_0171,stable,0.11332930881070864
2.4367879231770835,2.4324137369791665,2.3995465434913252,TRAIN_0172,stable,0.07986767010099256
1.7607354058159723,1.7458360460069444,1.7186538316378672,TRAIN_0173,stable,0.03805561630620726
2.164794921875,2.0746663411458335,2.0533616921131785,TRAIN_0174,unstable,0.550252774485508
8.32525634765625,8.32094997829861,7.911938902969387,TRAIN_0175,unstable,0.6481298351470747
2.668056911892361,2.6637505425347223,2.6238239561922265,TRAIN_0176,stable,0.09417104321019096
1.3318142361111112,1.3318142361111112,1.3026857918321488,TRAIN_0177,stable,0.011527980418650215
1.6377699110243056,1.6307644314236112,1.6027592517593365,TRAIN_0178,stable,0.030450526832980315
5.776462131076389,5.489922417534722,5.227720466877438,TRAIN_0179,unstable,0.6076347376360306
16.76827663845486,16.754109700520832,16.069733788735892,TRAIN_0180,unstable,0.7822720612003017
2.6254950629340277,2.6022542317708335,2.585266816398992,TRAIN_0181,stable,0.09153870582137712
18.00540500217014,16.29934353298611,15.898445619875861,TRAIN_0182,unstable,0.8019274862622563
2.584682888454861,2.5623236762152777,2.544443142542561,TRAIN_0183,stable,0.08901458115504798
1.9525146484375,1.9523383246527777,1.9129066197945699,TRAIN_0184,stable,0.04991665343467541
5.246724446614583,5.120354546440972,4.779122683249722,TRAIN_0185,unstable,0.5992182954423015
1.637939453125,1.6316053602430556,1.6030609119518766,TRAIN_0186,stable,0.03046101256190325
1.3660210503472223,1.3648681640625,1.3362144830279172,TRAIN_0187,stable,0.013643581086141764
1.4523790147569444,1.4507785373263888,1.4216336718459681,TRAIN_0188,stable,0.018984591970328382
5.6837158203125,5.610365125868055,5.276384833487203,TRAIN_0189,unstable,0.6061611895269907
5.271145290798611,5.065694173177083,4.813421288372991,TRAIN_0190,unstable,0.5996062924253852
7.146050347222222,6.059672037760417,5.815054086538462,TRAIN_0191,unstable,0.629394677297705
4.419114854600695,4.338453504774305,4.065056830965777,TRAIN_0192,unstable,0.5860692813274432
10.560750325520834,10.301079644097221,9.899685806166678,TRAIN_0193,unstable,0.683647236289193
1.9354180230034723,1.9354180230034723,1.897334920655658,TRAIN_0194,stable,0.04885927253008656
2.0899115668402777,2.0891045464409723,2.0552722444679605,TRAIN_0195,stable,0.05841428815382265
1.7726304796006944,1.7725287543402777,1.7310585750606766,TRAIN_0196,stable,0.03879129504744044
3.0305040147569446,3.02606201171875,2.9618387835391697,TRAIN_0197,stable,0.1165874345016433
3.1092732747395835,3.101467556423611,3.038537588583763,TRAIN_0198,stable,0.1214591041592393
16.973558213975693,16.254102918836807,15.656429998141958,TRAIN_0199,unstable,0.7855335631936213
2.3256157769097223,2.3246256510416665,2.2904179976005086,TRAIN_0200,stable,0.07299196793164504
1.7106594509548612,1.7101508246527777,1.6729256393563037,TRAIN_0201,stable,0.03495855141152891
12.191704644097221,11.83291286892361,11.459766151204246,TRAIN_0202,unstable,0.7095597457170564
10.48147922092014,10.420830620659721,10.120075408697392,TRAIN_0203,unstable,0.6823877814890638
14.79964870876736,14.78597683376736,14.172908084093972,TRAIN_0204,unstable,0.7509946126494991
3.12042236328125,2.9592963324652777,2.9153417887097617,TRAIN_0205,unstable,0.5654357289085228
5.703470865885417,5.634073893229167,5.445536204848047,TRAIN_0206,unstable,0.6064750565671803
3.0804985894097223,3.074008517795139,3.011170726423147,TRAIN_0207,stable,0.11967946624643863
5.224032931857639,5.037407769097222,4.768519304800724,TRAIN_0208,unstable,0.598857773946773
2.2222086588541665,2.2209269205729165,2.1849593634235065,TRAIN_0209,stable,0.06659651214696798
9.38339572482639,9.323113335503471,8.26051371959628,TRAIN_0210,unstable,0.6649414933735589
3.20623779296875,3.2017008463541665,3.1407511982940823,TRAIN_0211,stable,0.1274561022448448
2.2765638563368054,2.2752821180555554,2.2393691319154123,TRAIN_0212,stable,0.06995823683966122
5.754380967881945,5.589728461371528,5.305731743252972,TRAIN_0213,unstable,0.607283913371404
6.485493977864583,6.334540473090278,5.874296542039728,TRAIN_0214,unstable,0.618899795280681
4.546474880642361,4.130486382378472,4.057518682972467,TRAIN_0215,unstable,0.5880927701756277
2.9334513346354165,2.9331868489583335,2.880367011130853,TRAIN_0216,stable,0.11058498383699786
13.11923556857639,13.054863823784721,12.476939756690413,TRAIN_0217,unstable,0.7242963042775563
2.4787733289930554,2.45587158203125,2.4383414958498815,TRAIN_0218,stable,0.0824643560114684
6.993476019965278,6.471218532986111,5.9988075349907675,TRAIN_0219,unstable,0.6269705850662645
6.62017822265625,6.551608615451389,6.276528065375616,TRAIN_0220,unstable,0.6210396508996876
1.75567626953125,1.7332831488715277,1.7072825578897248,TRAIN_0221,stable,0.037742722155146846
7.431016710069445,6.450236002604167,6.149112674482069,TRAIN_0222,unstable,0.6339222066587653
3.1992662217881946,3.08148193359375,3.035782455733522,TRAIN_0223,unstable,0.5666883956470208
2.871799045138889,2.8709852430555554,2.8189710874355494,TRAIN_0224,stable,0.10677195337146145
5.934895833333333,5.658921983506945,5.43008292434562,TRAIN_0225,unstable,0.6101519232841289
1.4790920681423612,1.4742567274305556,1.445040007853145,TRAIN_0226,stable,0.020636723419426163
16.01935492621528,15.457499186197916,14.8510201240463,TRAIN_0227,unstable,0.7703732356427109
2.9404975043402777,2.9399956597222223,2.887931355930358,TRAIN_0228,stable,0.11102077073103507
17.46112060546875,16.306532118055557,14.71806015077022,TRAIN_0229,unstable,0.7932799267320332
9.401746961805555,9.355828179253471,8.89384344207979,TRAIN_0230,unstable,0.6652330567826743
3.0500284830729165,3.0440877278645835,2.9741296899314267,TRAIN_0231,stable,0.11779497104440857
5.633456759982639,5.493537055121528,5.1960371648986206,TRAIN_0232,unstable,0.6053626764357289
5.597391764322917,5.502671983506945,5.354877541385057,TRAIN_0233,unstable,0.6047896778364401
12.115593804253471,11.813944498697916,11.481123488705117,TRAIN_0234,unstable,0.7083505010235966
1.9918077256944444,1.9918077256944444,1.9521609121696164,TRAIN_0235,stable,0.052346825969855036
2.5184461805555554,2.517788357204861,2.4796945266411767,TRAIN_0236,stable,0.08491801657943539
1.7281358506944444,1.7281358506944444,1.691028312873061,TRAIN_0237,stable,0.03603942034890514
7.260965983072917,6.523152669270833,6.193653300897378,TRAIN_0238,unstable,0.631220450382502
2.5052286783854165,2.5051812065972223,2.4657453283949975,TRAIN_0239,stable,0.0841005491526033
3.3958672417534723,3.394443088107639,3.3412051220358374,TRAIN_0240,stable,0.13918418033057012
1.5911661783854167,1.5865139431423612,1.5578690170577272,TRAIN_0241,stable,0.027568209666643702
3.109225802951389,3.109225802951389,3.061710103919895,TRAIN_0242,stable,0.12145616815514086
4.926540798611111,4.823187934027778,4.690539056330709,TRAIN_0243,unstable,0.5941312358582049
5.418830023871528,5.132025824652778,4.909409561639203,TRAIN_0244,unstable,0.6019526990626011
2.9542032877604165,2.9537760416666665,2.9013544179745563,TRAIN_0245,stable,0.1118684370571652
3.472805447048611,3.4706827799479165,3.4219748880818006,TRAIN_0246,stable,0.14394260411579846
2.1658732096354165,2.1658732096354165,2.1218458364905586,TRAIN_0247,stable,0.06311231414045483
1.6341688368055556,1.6297743055555556,1.6008046751614173,TRAIN_0248,stable,0.03022780995065716
2.7814127604166665,2.7776421440972223,2.7367177429539438,TRAIN_0249,stable,0.10118180156806587
3.1536797417534723,3.1532118055555554,3.1070233206463675,TRAIN_0250,stable,0.12420552627873466
1.6197441948784723,1.6148817274305556,1.5861050915159909,TRAIN_0251,stable,0.02933568413389378
4.376614040798611,4.18646240234375,3.9578044980664715,TRAIN_0252,unstable,0.5853940308156449
8.13238525390625,6.979641384548611,6.726396473488015,TRAIN_0253,unstable,0.6450655101820925
5.289286295572917,5.164849175347222,4.64991595248049,TRAIN_0254,unstable,0.59989451567719
2.1313883463541665,2.1312798394097223,2.087132142406111,TRAIN_0255,stable,0.060979516877529685
1.3599378797743056,1.3593478732638888,1.330959040805869,TRAIN_0256,stable,0.01326735313238682
5.469679090711805,5.453125,5.2859287495862946,TRAIN_0257,unstable,0.6027605861437345
6.181844075520833,5.873324924045139,5.621523264215498,TRAIN_0258,unstable,0.6140754229070143
4.409138997395833,4.128621419270833,3.7492030273800396,TRAIN_0259,unstable,0.5859107854757031
1.6520657009548612,1.6479153103298612,1.6182629752894486,TRAIN_0260,stable,0.031334683495762274
21.73779296875,20.72207980685764,20.094998805153462,TRAIN_0261,unstable,0.8612274539381533
1.7465684678819444,1.7465684678819444,1.7069407746234557,TRAIN_0262,stable,0.03717942879740673
2.8738335503472223,2.8738335503472223,2.82110325796637,TRAIN_0263,stable,0.10689778211853669
2.2777031792534723,2.275790744357639,2.2413640583992356,TRAIN_0264,stable,0.07002870093802337
1.4623684353298612,1.4587470160590277,1.4296857535462537,TRAIN_0265,stable,0.019602411118467764
7.135511610243055,7.062099880642361,6.667461643339488,TRAIN_0266,unstable,0.6292272384441332
3.7228936089409723,3.6355658637152777,3.3091503924394976,TRAIN_0267,unstable,0.5750077577847215
2.333950466579861,2.3289320203993054,2.2991008893214655,TRAIN_0268,stable,0.07350744636549657
3.91888427734375,3.861233181423611,3.7891409543312777,TRAIN_0269,unstable,0.5781216463743132
1.9482828776041667,1.9482828776041667,1.9097522067917363,TRAIN_0270,stable,0.04965492964075894
4.657416449652778,4.64739990234375,4.53981971244571,TRAIN_0271,unstable,0.5898554035125526
2.7203436957465277,2.7169053819444446,2.68339603782719,TRAIN_0272,stable,0.09740484201002436
7.973971896701389,6.709635416666667,6.466962652018592,TRAIN_0273,unstable,0.6425486477750243
1.7376302083333333,1.7166883680555556,1.690106049207718,TRAIN_0274,stable,0.03662662116858955
19.545267740885418,16.960462782118057,16.53052851047183,TRAIN_0275,unstable,0.8263927378515248
1.5901760525173612,1.5845472547743056,1.5564288051099147,TRAIN_0276,stable,0.027506973009733753
2.553744845920139,2.531589084201389,2.5132070007664438,TRAIN_0277,stable,0.08710114534119065
25.378309461805557,24.162000868055557,23.0602491613393,TRAIN_0278,unstable,0.9190677728693029
2.1815592447916665,2.18109130859375,2.144616735508698,TRAIN_0279,stable,0.06408245378040486
6.114373101128472,5.833055284288195,5.48995823117713,TRAIN_0280,unstable,0.6130034479043207
10.736551920572916,10.699754503038195,9.973394500947892,TRAIN_0281,unstable,0.6864403620299537
9.340935601128471,9.276143391927084,8.59105975811298,TRAIN_0282,unstable,0.6642668893438207
2.90618896484375,2.9056871202256946,2.8514345098897365,TRAIN_0283,stable,0.10889887862618977
1.6579725477430556,1.6524997287326388,1.6236931762922124,TRAIN_0284,stable,0.031700006291437356
2.285007052951389,2.2828301323784723,2.2501521682881016,TRAIN_0285,stable,0.07048042614002344
5.259724934895833,5.250386555989583,5.104445260061024,TRAIN_0286,unstable,0.5994248464605108
1.9894137912326388,1.9894137912326388,1.9491755422806927,TRAIN_0287,stable,0.05219876747746318
1.7038913302951388,1.7038913302951388,1.6664400586227819,TRAIN_0288,stable,0.03453996111292531
1.46746826171875,1.46453857421875,1.4357791079858206,TRAIN_0289,stable,0.019917821844469677
7.655239529079861,6.878804524739583,6.393582948296986,TRAIN_0290,unstable,0.6374846460510721
6.474521213107639,6.428724500868055,6.071621455742231,TRAIN_0291,unstable,0.6187254606184679
2.1488850911458335,2.04766845703125,2.0198074845477403,TRAIN_0292,unstable,0.55
4.670756022135417,4.611884223090278,4.4891511654153895,TRAIN_0293,unstable,0.5900673418812629
2.9490831163194446,2.948635525173611,2.8983646479294407,TRAIN_0294,stable,0.11155176804369257
1.4970296223958333,1.4927775065104167,1.4636210055654264,TRAIN_0295,stable,0.02174611353947277
2.6829291449652777,2.6780259874131946,2.6445191609110807,TRAIN_0296,stable,0.09509085135131087
3.6327107747395835,3.3413560655381946,3.310157347770926,TRAIN_0297,unstable,0.5735749380454693
1.8181966145833333,1.81817626953125,1.780377703056775,TRAIN_0298,stable,0.04160943955276868
1.8430650499131944,1.8273722330729167,1.7997161853893766,TRAIN_0299,stable,0.04314748627118492
2.123141818576389,2.1218058268229165,2.085529328810154,TRAIN_0300,stable,0.060469491022718085
2.664340549045139,2.6623942057291665,2.627166260400699,TRAIN_0301,stable,0.09394119603220018
1.7937079535590277,1.7937079535590277,1.7562282396399456,TRAIN_0302,stable,0.04009488086713982
7.950025770399305,7.883585611979167,7.522233467569852,TRAIN_0303,unstable,0.642168193082642
1.9294704861111112,1.9294704861111112,1.8894710703792736,TRAIN_0304,stable,0.04849143315946997
3.5201212565104165,3.3252970377604165,3.1906346122999696,TRAIN_0305,unstable,0.5717861221851094
7.458584255642361,6.815463595920139,6.4014487718392905,TRAIN_0306,unstable,0.6343601982544984
2.5424126519097223,2.5239122178819446,2.5024277975195095,TRAIN_0307,stable,0.08640027921998163
4.588222927517361,4.548299153645833,4.350717420517756,TRAIN_0308,unstable,0.5887560607693136
5.123074001736111,5.078009711371528,4.710560606209064,TRAIN_0309,unstable,0.5972537442085982
15.930074055989584,14.828369140625,14.48546553561786,TRAIN_0310,unstable,0.7689547462557914
29.06179470486111,26.005472819010418,25.378263214803102,TRAIN_0311,unstable,0.9775907768559422
5.471910264756945,5.317613389756945,5.180387737227391,TRAIN_0312,unstable,0.6027960349100313
18.00247531467014,15.314588758680555,14.865517187100812,TRAIN_0313,unstable,0.8018809395539275
4.622226291232639,4.454311794704861,4.362169280631619,TRAIN_0314,unstable,0.5892963042775563
2.8466254340277777,2.8466254340277777,2.7939564716590026,TRAIN_0315,stable,0.10521503234098392
1.8225436740451388,1.8225436740451388,1.786031495501498,TRAIN_0316,stable,0.041878293642352765
1.7065904405381944,1.7064887152777777,1.6694585884516675,TRAIN_0317,stable,0.034706893917378454
3.0366414388020835,3.0283270941840277,2.9701299706341735,TRAIN_0318,stable,0.11696701788865357
12.974772135416666,12.600531684027779,11.916709534167714,TRAIN_0319,unstable,0.7220010774701002
2.682712131076389,2.6769273546006946,2.6441641771762354,TRAIN_0320,stable,0.09507742961828952
2.1219414605034723,2.1211751302083335,2.0872456392184016,TRAIN_0321,stable,0.06039525206194371
2.2937825520833335,2.2911919487847223,2.2576531644471736,TRAIN_0322,stable,0.07102316746907461
1.3092447916666667,1.3077121310763888,1.2802801965028103,TRAIN_0323,stable,0.010132120184428993
6.944322374131945,6.709079318576389,6.557654067159629,TRAIN_0324,unstable,0.6261896347376361
13.901997884114584,13.9014892578125,13.192937005368009,TRAIN_0325,unstable,0.7367327874151492
6.488667805989583,6.488484700520833,6.160511301778499,TRAIN_0326,unstable,0.6189502208813706
1.7268880208333333,1.7267320421006944,1.6879998259896996,TRAIN_0327,stable,0.03596224538403233
2.6513739691840277,2.6494954427083335,2.613944358074368,TRAIN_0328,stable,0.09313924748417404
15.720024956597221,13.30438232421875,12.945154298508047,TRAIN_0329,unstable,0.7656174981144274
1.9322577582465277,1.9322577582465277,1.8942566258187015,TRAIN_0330,stable,0.048663818542963026
4.316623263888889,4.242811414930555,4.124252064172241,TRAIN_0331,unstable,0.5844409007650038
1.6347317165798612,1.6288655598958333,1.6002128541536025,TRAIN_0332,stable,0.03026262257068131
26.22382269965278,24.303758409288193,23.598476947173445,TRAIN_0333,unstable,0.9325012390906153
4.475043402777778,4.105584038628472,4.034841502744972,TRAIN_0334,unstable,0.586957870919082
1.3560519748263888,1.3556586371527777,1.3263604239609461,TRAIN_0335,stable,0.013027020225473125
1.9249267578125,1.9249267578125,1.8849943423971107,TRAIN_0336,stable,0.048210415624335284
9.05881076388889,9.002115885416666,8.727924076166795,TRAIN_0337,unstable,0.6597845059799591
8.17648654513889,8.16469997829861,7.722458923407887,TRAIN_0338,unstable,0.6457661889882556
5.167392306857639,5.110256618923611,4.788316129176247,TRAIN_0339,unstable,0.597957870919082
6.052727593315972,6.042826334635417,5.771996743702968,TRAIN_0340,unstable,0.6120240275832346
4.401984320746528,4.340115017361111,4.196429686048402,TRAIN_0341,unstable,0.5857971123801315
2.0936957465277777,2.0923258463541665,2.057665112912544,TRAIN_0342,stable,0.05864832962338258
2.5139973958333335,2.49578857421875,2.475641824019881,TRAIN_0343,stable,0.08464287105249757
1.8254597981770833,1.8081868489583333,1.7801167329684018,TRAIN_0344,stable,0.042058648179827254
1.7178141276041667,1.71759033203125,1.679521246675841,TRAIN_0345,stable,0.03540104917207681
2.1583319769965277,2.1581827799479165,2.1218203201208894,TRAIN_0346,stable,0.06264590891796265
3.7739800347222223,3.701755099826389,3.606385887710192,TRAIN_0347,unstable,0.5758194160112058
17.73204888237847,16.89926486545139,14.988843517381435,TRAIN_0348,unstable,0.7975844197823511
1.3886650933159723,1.3880615234375,1.3586426008062176,TRAIN_0349,stable,0.01504405504108908
6.549519856770833,5.900173611111111,5.604908750740315,TRAIN_0350,unstable,0.6199170348022842
1.74774169921875,1.7294243706597223,1.7025824425965603,TRAIN_0351,stable,0.037251990041553454
1.7021484375,1.70208740234375,1.6625544712119102,TRAIN_0352,stable,0.03443216781959753
5.257419162326389,5.123819986979167,4.829774423497887,TRAIN_0353,unstable,0.5993882124771038
1.3321668836805556,1.3309597439236112,1.3033263774575552,TRAIN_0354,stable,0.011549790734809922
1.7622816297743056,1.7622816297743056,1.7252180481524058,TRAIN_0355,stable,0.03815124615398443
3.1081610785590277,3.1004842122395835,3.033765505787521,TRAIN_0356,stable,0.12139031777750482
3.1372273763020835,3.13702392578125,3.091450918389713,TRAIN_0357,stable,0.12318799114405297
1.7828504774305556,1.7827826605902777,1.743925629739467,TRAIN_0358,stable,0.039423374786915016
1.46966552734375,1.4674275716145833,1.438321241522668,TRAIN_0359,stable,0.020053716891310924
2.3519354926215277,2.3486124674479165,2.3173273342420337,TRAIN_0360,stable,0.07461977248964159
1.3252292209201388,1.3242526584201388,1.296452199424877,TRAIN_0361,stable,0.01112071470728338
12.01296657986111,11.700934516059029,10.966009655303557,TRAIN_0362,unstable,0.7067199655209568
3.3983561197916665,3.3957451714409723,3.338993068257037,TRAIN_0363,stable,0.13933811083115882
2.9642808702256946,2.957980685763889,2.8977318419616314,TRAIN_0364,stable,0.11249170878434454
2.1454603407118054,2.1445448133680554,2.1059368222852215,TRAIN_0365,stable,0.06184983237813336
1.7841796875,1.7840372721354167,1.7475387023222664,TRAIN_0366,stable,0.03950558290167083
5.910909016927083,5.887410481770833,5.542640008433783,TRAIN_0367,unstable,0.6097708221096865
1.4954901801215277,1.4914889865451388,1.4622671863750114,TRAIN_0368,stable,0.021650903120852515
3.3573472764756946,3.354404025607639,3.300794223656401,TRAIN_0369,stable,0.1368018227192791
3.343017578125,3.0721978081597223,2.973239384101519,TRAIN_0370,unstable,0.5689723090184248
2.464870876736111,2.4632771809895835,2.4243036140433385,TRAIN_0371,stable,0.08160452623978767
13.105977376302084,12.81570095486111,12.378717338139575,TRAIN_0372,unstable,0.7240856588729663
2.3207804361979165,2.3169420030381946,2.286394326937593,TRAIN_0373,stable,0.0726929149427629
1.7082858615451388,1.7081502278645833,1.6693183731651804,TRAIN_0374,stable,0.03481175120660781
1.7890285915798612,1.7681952582465277,1.7411530550329801,TRAIN_0375,stable,0.0398054747488668
6.934624565972222,6.6810302734375,6.342471641220154,TRAIN_0376,unstable,0.6260355565133068
3.4487440321180554,3.4451361762152777,3.3912320174235298,TRAIN_0377,stable,0.14245446946705534
2.1881239149305554,2.1881239149305554,2.1416254231407934,TRAIN_0378,stable,0.06448846120430095
5.52398681640625,5.142435709635417,4.921267166052641,TRAIN_0379,unstable,0.6036234241999785
14.983296712239584,14.684468587239584,12.96623186319125,TRAIN_0380,unstable,0.7539124016808534
2.0370008680555554,2.0359293619791665,2.0005608838271667,TRAIN_0381,stable,0.055141901871552816
2.1459214952256946,2.1455824110243054,2.0999788973952525,TRAIN_0382,stable,0.06187835356080377
15.835869683159721,15.521443684895834,14.01034476720724,TRAIN_0383,unstable,0.767458032539597
1.4225938585069444,1.4209120008680556,1.3919353392964975,TRAIN_0384,stable,0.017142459113147004
2.7609998914930554,2.753200954861111,2.7132433632943145,TRAIN_0385,stable,0.09991931980574438
19.82474093967014,18.30736626519097,16.850470512784224,TRAIN_0386,unstable,0.8308329921344684
3.0151502821180554,2.6977945963541665,2.633863774430393,TRAIN_0387,unstable,0.563763172071975
2.0668131510416665,2.0668131510416665,2.0243445672496283,TRAIN_0388,stable,0.056985712445361866
3.9095391167534723,3.56195068359375,3.3348124208879133,TRAIN_0389,unstable,0.577973170994505
2.162807888454861,2.161587185329861,2.1084897067191566,TRAIN_0390,unstable,0.5502212046115721
2.181640625,2.1814778645833335,2.1443077719641286,TRAIN_0391,stable,0.06408748693028789
1.3471611870659723,1.3466118706597223,1.3186388529618405,TRAIN_0392,stable,0.012477148600754375
3.967129177517361,3.9136149088541665,3.8167099288208957,TRAIN_0393,unstable,0.5788881586035988
2.3680623372395835,2.3619520399305554,2.332347290084425,TRAIN_0394,stable,0.07561717502479127
17.277058919270832,15.447455512152779,15.128300207868824,TRAIN_0395,unstable,0.7903555651330676
3.062472873263889,3.055874294704861,2.998066970558691,TRAIN_0396,stable,0.11856462354735207
3.375698513454861,3.3734605577256946,3.3206807522470734,TRAIN_0397,stable,0.13793679801789768
3.1143052842881946,3.114013671875,3.070582451850497,TRAIN_0398,stable,0.12177032059367204
6.106275770399305,5.925001356336805,5.7536497934739055,TRAIN_0399,unstable,0.6128747979743563
5.324571397569445,5.322998046875,4.967609406935154,TRAIN_0400,unstable,0.6004551233703265
1.7111070421006944,1.7108154296875,1.674173877479329,TRAIN_0401,stable,0.03498623373588546
1.7577582465277777,1.741943359375,1.7149431617762332,TRAIN_0402,stable,0.037871486906320494
5.754753960503472,5.174031575520833,5.0986273690078034,TRAIN_0403,unstable,0.6072898394569551
3.0985785590277777,3.0985785590277777,3.0516253768711095,TRAIN_0404,stable,0.12079766437878049
20.57244194878472,19.90917290581597,19.24269066012867,TRAIN_0405,unstable,0.8427124232302554
23.127339680989582,21.34331597222222,20.79505585295168,TRAIN_0406,unstable,0.8833044930503178
5.140096028645833,5.137688530815972,4.877798590062942,TRAIN_0407,unstable,0.5975241892037496
2.652804904513889,2.6492784288194446,2.6162470459982345,TRAIN_0408,stable,0.09322774703628363
1.9994303385416667,1.9985894097222223,1.9657304041538928,TRAIN_0409,stable,0.05281826434223024
5.1669921875,5.132419162326389,4.9689378685244225,TRAIN_0410,unstable,0.5979515138454908
5.889750162760417,5.596720377604167,5.310009103333449,TRAIN_0411,unstable,0.6094346514384226
4.889885796440972,4.742845323350695,4.470576291631828,TRAIN_0412,unstable,0.5935488632690443
3.955478244357639,3.7136637369791665,3.574640711370076,TRAIN_0413,unstable,0.5787030492403836
2.1645982530381946,2.1637437608506946,2.129041384693771,TRAIN_0414,stable,0.06303346145895439
5.048251681857639,4.878397623697917,4.641514693437036,TRAIN_0415,unstable,0.5960649714470424
6.737291124131945,6.091756184895833,5.937073411661557,TRAIN_0416,unstable,0.6229003340157311
15.24163818359375,14.70675320095486,14.176321176382212,TRAIN_0417,unstable,0.7580169162805732
5.748467339409722,5.733500162760417,5.3909927759415055,TRAIN_0418,unstable,0.6071899579786662
6.215888129340278,6.201368543836805,5.930702915425551,TRAIN_0419,unstable,0.6146163128973171
1.7212320963541667,1.7210489908854167,1.6864232545623723,TRAIN_0420,stable,0.0356124414671632
3.0352376302083335,3.0316636827256946,2.9644681036760265,TRAIN_0421,stable,0.11688019605317167
24.199239095052082,21.50503200954861,20.809231749966614,TRAIN_0422,unstable,0.9003347699601336
2.4959309895833335,2.4760945638020835,2.4561643738677534,TRAIN_0423,stable,0.08352551177846952
15.365431043836805,13.347364637586805,12.92420696937564,TRAIN_0424,unstable,0.7599837302014869
1.7811143663194444,1.7803141276041667,1.7436118350955734,TRAIN_0425,stable,0.03931600092274415
2.58087158203125,2.560214572482639,2.5405563076647275,TRAIN_0426,stable,0.0887788619688604
3.2316758897569446,3.2307061089409723,3.1867007819395092,TRAIN_0427,stable,0.1290293810124421
1.9927300347222223,1.9917873806423612,1.957079402224719,TRAIN_0428,stable,0.052403868335195815
13.082899305555555,13.07794189453125,12.329151846759162,TRAIN_0429,unstable,0.7237189957978667
2.3649834526909723,2.3608534071180554,2.331021368791516,TRAIN_0430,stable,0.07542675418755077
1.3227674696180556,1.3216620551215277,1.2943368810386473,TRAIN_0431,stable,0.010968461923322355
1.7351752387152777,1.7345513237847223,1.6972241183720038,TRAIN_0432,stable,0.036474787813785436
2.3135918511284723,2.3083902994791665,2.2775168984142744,TRAIN_0433,stable,0.07224832003643043
3.0622151692708335,3.0622151692708335,3.018121113346572,TRAIN_0434,stable,0.11854868523938922
2.3260904947916665,2.3250596788194446,2.2882865982310827,TRAIN_0435,stable,0.07302132797262925
2.6001790364583335,2.5804036458333335,2.5610337726957337,TRAIN_0436,stable,0.08997297677860434
2.003634982638889,2.0032755533854165,1.96461376245471,TRAIN_0437,stable,0.05307831041951904
2.203769259982639,2.2034505208333335,2.167004185864049,TRAIN_0438,stable,0.06545608426930948
4.586676703559028,4.427422417534722,4.101370571537649,TRAIN_0439,unstable,0.588731494451029
14.93002658420139,13.74801296657986,13.3451459608925,TRAIN_0440,unstable,0.7530660489171426
2.1427815755208335,2.141513400607639,2.1068274910146085,TRAIN_0441,stable,0.061684157861150994
14.086669921875,14.081949869791666,13.268366093176619,TRAIN_0442,unstable,0.7396668462450167
4.399000379774305,4.302964952256945,4.072928959886543,TRAIN_0443,unstable,0.5857497036957224
5.825920952690972,5.666286892361111,5.546139765654032,TRAIN_0444,unstable,0.60842053658011
5.492519802517361,5.372029622395833,5.252821520773818,TRAIN_0445,unstable,0.6031234780734835
11.59903293185764,11.592549641927084,11.011217154875338,TRAIN_0446,unstable,0.7001434112703373
11.309990776909721,11.301439073350695,10.387606765026941,TRAIN_0447,unstable,0.6955511259562547
3.1280992296006946,3.1278822157118054,3.081871846403521,TRAIN_0448,stable,0.12262343949884211
14.55520290798611,14.218919542100695,13.781415572887633,TRAIN_0449,unstable,0.747110871673311
19.53313530815972,19.34444851345486,18.636242807332312,TRAIN_0450,unstable,0.826199978450598
25.98165554470486,24.035359700520832,23.265212587422482,TRAIN_0451,unstable,0.9286537011097942
22.19426812065972,20.48788791232639,18.506803526040216,TRAIN_0452,unstable,0.8684799051826312
2.8094278971354165,2.8064710828993054,2.7616215836642977,TRAIN_0453,stable,0.1029144634152918
2.3880683051215277,2.3878377278645835,2.35111100768476,TRAIN_0454,stable,0.07685449103769769
2.0510796440972223,2.0502726236979165,2.016917262366163,TRAIN_0455,stable,0.05601263680131343
14.573316786024305,14.49386257595486,13.808808541129576,TRAIN_0456,unstable,0.7473986639370758
18.18777126736111,17.741258409288193,15.689728883242172,TRAIN_0457,unstable,0.8048249111087168
8.72964816623264,8.59494357638889,8.111802752157075,TRAIN_0458,unstable,0.6545547893545954
1.8168402777777777,1.8168402777777777,1.7775846698921172,TRAIN_0459,stable,0.041525553721385194
3.0700208875868054,3.0638563368055554,3.001395892848848,TRAIN_0460,stable,0.11903144819900116
1.3870917426215277,1.3860541449652777,1.3569602668617613,TRAIN_0461,stable,0.014946747476684223
3.0328369140625,3.0277099609375,2.964756449993903,TRAIN_0462,stable,0.11673171813162288
5.637166341145833,5.516594780815972,5.268236447337479,TRAIN_0463,unstable,0.6054216140502101
4.608561197916667,4.2786865234375,4.066988136634557,TRAIN_0464,unstable,0.5890791940523651
2.3037855360243054,2.3026529947916665,2.2668605593224522,TRAIN_0465,stable,0.0716418254755278
2.007229275173611,2.007229275173611,1.9672572129900596,TRAIN_0466,stable,0.053300607872685285
2.2185126410590277,2.2164713541666665,2.180533804267988,TRAIN_0467,stable,0.06636792325644798
2.0378282335069446,2.0360514322916665,1.9984608525815217,TRAIN_0468,stable,0.055193072228696766
3.3862101236979165,3.384067111545139,3.3355606288902826,TRAIN_0469,stable,0.1385869132111197
1.7453138563368056,1.7453138563368056,1.708560168189393,TRAIN_0470,stable,0.037101834403377006
2.6488240559895835,2.6447550455729165,2.610662975616058,TRAIN_0471,stable,0.0929815421211731
2.1559041341145835,2.1559041341145835,2.110595204138215,TRAIN_0472,stable,0.06249575327978623
6.198445638020833,5.786458333333333,5.416547726362179,TRAIN_0473,unstable,0.6143391875875445
1.9262627495659723,1.9262627495659723,1.8855129937973225,TRAIN_0474,stable,0.04829304316824803
2.9805772569444446,2.9805772569444446,2.936404542557948,TRAIN_0475,stable,0.11349959704841714
5.180067274305555,5.179300944010417,4.6562083119222635,TRAIN_0476,unstable,0.5981592500808103
6.896294487847222,6.863410101996528,6.494358591500023,TRAIN_0477,unstable,0.6254265704126711
3.781216091579861,3.5245157877604165,3.431369607132282,TRAIN_0478,unstable,0.5759343820708975
15.533155653211805,15.16482204861111,14.655887690231905,TRAIN_0479,unstable,0.7626485292533133
12.05655246310764,12.052863226996529,11.517374992016212,TRAIN_0480,unstable,0.7074124555543584
6.107652452256945,5.828837076822917,5.700452857724533,TRAIN_0481,unstable,0.6128966706173904
2.405978732638889,2.4044053819444446,2.3666515428308483,TRAIN_0482,stable,0.07796220344111665
2.3557535807291665,2.353847927517361,2.320020003019324,TRAIN_0483,stable,0.07485591110498611
3.149447970920139,3.149203830295139,3.103688229065055,TRAIN_0484,stable,0.12394380248481819
4.118767632378472,4.08282470703125,3.9743891857406637,TRAIN_0485,unstable,0.5812973817476565
3.0289984809027777,3.0222981770833335,2.9582740219496118,TRAIN_0486,stable,0.11649432122880761
1.7543131510416667,1.7543131510416667,1.7188432424850772,TRAIN_0487,stable,0.037658416894606445
1.7710978190104167,1.75457763671875,1.7268002898841042,TRAIN_0488,stable,0.0386965040579771
1.3146701388888888,1.3133341471354167,1.2857663747503254,TRAIN_0489,stable,0.010467663509962933
2.305752224392361,2.3029649522569446,2.267939232663566,TRAIN_0490,stable,0.07176345993103388
5.0701904296875,4.945034450954861,4.633925943647516,TRAIN_0491,unstable,0.5964135330244587
4.888312445746528,4.835890028211805,4.717732361815136,TRAIN_0492,unstable,0.5935238659627196
21.23670111762153,19.420389811197918,17.912125297214676,TRAIN_0493,unstable,0.8532661351147506
2.1851264105902777,2.1851264105902777,2.141365428344772,TRAIN_0494,stable,0.06430307351694345
3.087917751736111,3.0794677734375,3.0193263252000304,TRAIN_0495,stable,0.12013832174410628
2.7652791341145835,2.760036892361111,2.726813286221723,TRAIN_0496,stable,0.10018397960375931
1.9251776801215277,1.9251776801215277,1.886890333410268,TRAIN_0497,stable,0.04822593450314122
2.6335584852430554,2.6266072591145835,2.5941369869327153,TRAIN_0498,stable,0.09203740708895194
5.623297797309028,5.523152669270833,5.222953147136868,TRAIN_0499,unstable,0.6052012714147182
7.033175998263889,6.162278917100695,5.849725933776651,TRAIN_0500,unstable,0.6276013360629242
4.040608723958333,3.9802449544270835,3.9043832677573977,TRAIN_0501,unstable,0.5800555974571706
1.7448662651909723,1.7448459201388888,1.7100762941721246,TRAIN_0502,stable,0.03707415207902046
1.7492879231770833,1.72869873046875,1.702040134686513,TRAIN_0503,stable,0.03734761988933062
4.70623779296875,4.480828179253472,4.264794617946686,TRAIN_0504,unstable,0.5906310742376899
4.399827745225695,4.11810302734375,4.046759507240571,TRAIN_0505,unstable,0.585762848830945
7.456353081597222,6.102796766493055,5.877479556057808,TRAIN_0506,unstable,0.6343247494882017
5.3585205078125,4.979498969184028,4.864037804690404,TRAIN_0507,unstable,0.600994504902489
1.7486436631944444,1.7269287109375,1.7006395695068632,TRAIN_0508,stable,0.037307774119423466
9.61349826388889,9.33340793185764,8.52672745595852,TRAIN_0509,unstable,0.6685973494235535
6.642083062065972,6.534213595920139,5.856227708899456,TRAIN_0510,unstable,0.6213876737420537
3.382175021701389,3.3797743055555554,3.3256408623362597,TRAIN_0511,stable,0.13833735286275384
9.70870632595486,9.69223361545139,9.423571645792688,TRAIN_0512,unstable,0.6701100096972309
1.5675523546006944,1.55963134765625,1.532707109454838,TRAIN_0513,stable,0.02610775734225719
2.7942640516493054,2.7865193684895835,2.748167380308493,TRAIN_0514,stable,0.1019766198204244
2.0141737196180554,2.0140177408854165,1.9743472708507526,TRAIN_0515,stable,0.05373010332936873
12.91518825954861,12.913526746961805,12.21052776380615,TRAIN_0516,unstable,0.7210544122400604
1.4642401801215277,1.4622667100694444,1.4329092762187616,TRAIN_0517,stable,0.019718173565776972
2.7478773328993054,2.7437608506944446,2.7019011895482046,TRAIN_0518,stable,0.09910772438710916
4.395270453559028,4.212449815538195,4.0119424775292645,TRAIN_0519,unstable,0.5856904428402112
2.6294487847222223,2.6076727973090277,2.587816321331522,TRAIN_0520,stable,0.09178323301985998
2.2290717230902777,2.2274102105034723,2.192054547239351,TRAIN_0521,stable,0.06702097445376842
9.9302978515625,9.616082085503471,9.178951063549505,TRAIN_0522,unstable,0.6736306432496498
5.522542317708333,5.123636881510417,4.5269365087400715,TRAIN_0523,unstable,0.6036004740868441
2.1229315863715277,2.1222737630208335,2.0866843244481026,TRAIN_0524,stable,0.060456488718853646
1.5866902669270833,1.5821872287326388,1.553767254963013,TRAIN_0525,stable,0.027291386423078184
2.4307454427083335,2.4283854166666665,2.3913833011441494,TRAIN_0526,stable,0.07949395872217914
4.60223388671875,4.143798828125,3.9616132415125067,TRAIN_0527,unstable,0.588978666092016
3.362582736545139,3.360595703125,3.307405571740872,TRAIN_0528,stable,0.13712562202841938
16.628275553385418,16.15289306640625,15.528249002752228,TRAIN_0529,unstable,0.7800477319254391
1.9443901909722223,1.9440171983506944,1.9055077571578296,TRAIN_0530,stable,0.049414177304688334
8.08795166015625,8.06692165798611,7.764865610157411,TRAIN_0531,unstable,0.6443595517724383
2.0484754774305554,2.0475667317708335,2.014811039148144,TRAIN_0532,stable,0.055851576005057114
5.315395779079861,5.225016276041667,5.090775154195989,TRAIN_0533,unstable,0.6003093416657688
1.6003689236111112,1.5970865885416667,1.5675309888938243,TRAIN_0534,stable,0.02813737503258066
20.262980143229168,19.13956027560764,17.256606176766883,TRAIN_0535,unstable,0.8377957116690012
1.6419881184895833,1.6391059027777777,1.6094956413957986,TRAIN_0536,stable,0.030711411768582955
2.921596950954861,2.9212443033854165,2.8707995519280125,TRAIN_0537,stable,0.10985182167070619
1.7847222222222223,1.7847222222222223,1.7491927074260847,TRAIN_0538,stable,0.03953913723422423
4.344367133246528,4.179280598958333,3.854418927167526,TRAIN_0539,unstable,0.5848816937829976
1.4773898654513888,1.4740125868055556,1.4451458384139262,TRAIN_0540,stable,0.02053144670103988
2.006503634982639,2.0060967339409723,1.9701162031351616,TRAIN_0541,stable,0.05325572895289511
2.1064317491319446,2.1055501302083335,2.067938456965928,TRAIN_0542,stable,0.059436017580073545
2.1781412760416665,2.1773206922743054,2.136799789990071,TRAIN_0543,stable,0.06387106148531849
4.758185492621528,4.749850802951389,4.6264509628449,TRAIN_0544,unstable,0.5914564163344468
2.7755669487847223,2.774990505642361,2.728625152599231,TRAIN_0545,stable,0.10082025363480304
5.016350640190972,4.961758083767361,4.697048611111111,TRAIN_0546,unstable,0.5955581295119061
6.081631130642361,5.994520399305555,5.745671811311142,TRAIN_0547,unstable,0.6124832453399418
6.593329535590278,6.46148681640625,6.0152980729311825,TRAIN_0548,unstable,0.6206130804870165
8.804429796006945,7.834879557291667,7.75943881133727,TRAIN_0549,unstable,0.6557429156340912
1.8255343967013888,1.8255343967013888,1.7861743191279957,TRAIN_0550,stable,0.04206326190055335
2.848788791232639,2.8444010416666665,2.8014449024235875,TRAIN_0551,stable,0.10534883024204059
1.7393595377604167,1.7393595377604167,1.7031736965739386,TRAIN_0552,stable,0.036733575603603505
12.394911024305555,12.39168972439236,11.79748247104788,TRAIN_0553,unstable,0.7127882771253098
1.8953518337673612,1.8953518337673612,1.8567316401895204,TRAIN_0554,stable,0.04638128507101835
15.810953776041666,15.438096788194445,13.527371239635588,TRAIN_0555,unstable,0.7670621700247818
13.532233344184029,13.42922634548611,12.240366062148713,TRAIN_0556,unstable,0.730857989440793
2.7059190538194446,2.701171875,2.6678729218561292,TRAIN_0557,stable,0.096512716193261
3.0512898763020835,3.0446302625868054,2.9888400017927235,TRAIN_0558,stable,0.11787298486759523
1.44403076171875,1.4420979817708333,1.4136922064433528,TRAIN_0559,stable,0.01846827467816302
2.3027886284722223,2.2996148003472223,2.264847034240292,TRAIN_0560,stable,0.07158016938946096
2.6050347222222223,2.597683376736111,2.5662799609810483,TRAIN_0561,stable,0.09027328805495723
6.360324435763889,5.633714463975695,5.413503838932147,TRAIN_0562,unstable,0.6169111087167332
11.008619520399305,10.987494574652779,10.14190855277865,TRAIN_0563,unstable,0.690762956577955
7.075337727864583,6.883524576822917,6.405418279754854,TRAIN_0564,unstable,0.6282711992242216
2.4803602430555554,2.479098849826389,2.440729578557576,TRAIN_0565,stable,0.08256250243418707
1.4282090928819444,1.42694091796875,1.397602717790494,TRAIN_0566,stable,0.017489746455074638
14.17373318142361,14.118109809027779,13.566225730190045,TRAIN_0567,unstable,0.7410501023596595
2.5360039605034723,2.5137803819444446,2.495319073016827,TRAIN_0568,stable,0.08600391866669464
2.7084418402777777,2.7030097113715277,2.6699589134281516,TRAIN_0569,stable,0.09666874383963427
3.75836181640625,3.4308539496527777,3.3670285953903063,TRAIN_0570,unstable,0.5755712746471285
1.615478515625,1.6130777994791667,1.582865782716114,TRAIN_0571,stable,0.029071863194192707
2.1342230902777777,2.1334906684027777,2.0977587237405935,TRAIN_0572,stable,0.06115483826512117
2.8480292426215277,2.7972276475694446,2.75059241071947,TRAIN_0573,unstable,0.5611079625040406
1.8076239691840277,1.7897881401909723,1.7632008995189405,TRAIN_0574,stable,0.0409555494971344
2.576382107204861,2.5741509331597223,2.5401282904095828,TRAIN_0575,stable,0.08850119986698105
11.335991753472221,11.254767523871529,10.38164670810253,TRAIN_0576,unstable,0.6959642279926732
1.8057318793402777,1.8057318793402777,1.7683759141437894,TRAIN_0577,stable,0.040838528762354435
1.7931722005208333,1.7773776584201388,1.7493676703377576,TRAIN_0578,stable,0.040061745963743345
2.0654839409722223,2.0648125542534723,2.029571045556949,TRAIN_0579,stable,0.05690350433060606
16.593851725260418,15.806104871961805,15.383624033961587,TRAIN_0580,unstable,0.7795008081025752
2.249728732638889,2.2464396158854165,2.213016641844342,TRAIN_0581,stable,0.06829855566573893
2.1373697916666665,2.1370103624131946,2.094577637625999,TRAIN_0582,stable,0.06134945339393086
6.8946533203125,5.359530978732639,5.194721926459147,TRAIN_0583,unstable,0.6254004956362461
3.667812771267361,3.5686509874131946,3.5168302798971105,TRAIN_0584,unstable,0.5741326365693352
4.112433539496528,4.107014973958333,3.8108991143075297,TRAIN_0585,unstable,0.5811967460402975
3.023532443576389,3.0128241644965277,2.952291147720411,TRAIN_0586,stable,0.11615626132833215
21.22384304470486,17.990702311197918,17.673436375011615,TRAIN_0587,unstable,0.8530618467837519
5.240410698784722,4.803887261284722,4.732003111681588,TRAIN_0588,unstable,0.5991179829759724
1.6140001085069444,1.6075032552083333,1.5798046802420103,TRAIN_0589,stable,0.028980427637984703
2.1821356879340277,2.1803656684027777,2.143515721168362,TRAIN_0590,stable,0.06411810525874286
1.8037448459201388,1.7840576171875,1.7580342089009082,TRAIN_0591,stable,0.04071563601937763
5.05340576171875,5.017571343315972,4.530999644721409,TRAIN_0592,unstable,0.5961468591746579
4.170450846354167,4.164618598090278,4.082306055631039,TRAIN_0593,unstable,0.5821185217110225
15.893181694878471,15.763787163628471,15.050257631413158,TRAIN_0594,unstable,0.76836860252128
3.9063585069444446,3.748202853732639,3.5473415526436503,TRAIN_0595,unstable,0.5779226376468053
1.6553141276041667,1.6471082899305556,1.6186261015813708,TRAIN_0596,stable,0.031535590061925724
2.168701171875,2.1683417426215277,2.1264299600375094,TRAIN_0597,stable,0.06328721609888942
3.267178005642361,3.130126953125,3.0748396936910654,TRAIN_0598,unstable,0.5677673742053658
4.583896213107639,4.489549424913195,4.379769406412579,TRAIN_0599,unstable,0.5886873181769207
12.664164225260416,11.725260416666666,10.924489032996272,TRAIN_0600,unstable,0.7170661566641525
1.5659586588541667,1.56048583984375,1.5327032990103007,TRAIN_0601,stable,0.026009191490381597
2.5235595703125,2.522216796875,2.4834283993882966,TRAIN_0602,stable,0.08523426616375114
3.0350138346354165,3.0300971137152777,2.9708925358472102,TRAIN_0603,stable,0.11686635489099337
2.0587158203125,2.0575086805555554,2.023507017931589,TRAIN_0604,stable,0.05648491403200245
11.44106716579861,10.812906901041666,10.516426508863457,TRAIN_0605,unstable,0.6976336601659304
20.606302897135418,19.84668646918403,17.823270176122374,TRAIN_0606,unstable,0.8432504040512876
2.3592393663194446,2.3564453125,2.3237475477067653,TRAIN_0607,stable,0.0750714976916417
1.4439765082465277,1.4423353407118056,1.4128733237673032,TRAIN_0608,stable,0.018464919244907674
4.408989800347222,4.260586208767361,4.1676236099135435,TRAIN_0609,unstable,0.5859084150414826
10.07034640842014,9.29824490017361,8.967170343927094,TRAIN_0610,unstable,0.6758557267535826
2.5493096245659723,2.52886962890625,2.5077901363195605,TRAIN_0611,stable,0.08682683867256666
1.7732950846354167,1.7732950846354167,1.7353095342040015,TRAIN_0612,stable,0.038832399104818345
8.601318359375,8.59033203125,7.814098300033677,TRAIN_0613,unstable,0.652515892683978
18.13776312934028,17.072428385416668,16.60910035313748,TRAIN_0614,unstable,0.8040303846568257
3.9041002061631946,3.889858669704861,3.7962880554539433,TRAIN_0615,unstable,0.5778867578924686
6.909274631076389,6.74371337890625,6.489521640421775,TRAIN_0616,unstable,0.6256327981898503
6.291524251302083,6.269185384114583,5.904076345522402,TRAIN_0617,unstable,0.6158180153000755
7.982313368055555,7.557122124565972,6.887373443342682,TRAIN_0618,unstable,0.6426811765973495
4.596733940972222,4.138068305121528,3.9354898317380274,TRAIN_0619,unstable,0.5888912832668893
3.092563205295139,3.084255642361111,3.024007206820768,TRAIN_0620,stable,0.12042563071659473
4.059780544704861,3.922268337673611,3.6264484452297583,TRAIN_0621,unstable,0.5803601982544985
2.62786865234375,2.6240370008680554,2.591144018835934,TRAIN_0622,stable,0.09168550602629823
5.829759385850695,5.467861599392361,5.087071220655948,TRAIN_0623,unstable,0.6084815213877816
1.6455417209201388,1.6404758029513888,1.6116473858173077,TRAIN_0624,stable,0.030931192646807694
1.6254069010416667,1.6188490125868056,1.5909014205337233,TRAIN_0625,stable,0.02968590747991983
4.796875,4.637674967447917,4.526937733525815,TRAIN_0626,unstable,0.5920711130266135
2.9248792860243054,2.924716525607639,2.8751680451403403,TRAIN_0627,stable,0.11005482538265421
20.422105577256943,19.122945149739582,17.19573738724713,TRAIN_0628,unstable,0.8403238875121215
4.832038031684028,4.653021918402778,4.4135174249814195,TRAIN_0629,unstable,0.5926297812735697
2.3327501085069446,2.3290473090277777,2.2954573105011495,TRAIN_0630,stable,0.0734332074047222
5.246649848090278,5.020833333333333,4.798446604240698,TRAIN_0631,unstable,0.5992171102251913
2.0910441080729165,2.0902777777777777,2.053698712323776,TRAIN_0632,stable,0.058484332823027854
2.2629597981770835,2.260043674045139,2.2254926269712696,TRAIN_0633,stable,0.06911686195088486
6.022176106770833,6.001200358072917,5.702030653937604,TRAIN_0634,unstable,0.6115386273030924
2.1949395073784723,2.0584581163194446,2.0362784032350314,TRAIN_0635,unstable,0.550731709945049
2.5399915907118054,2.5195380316840277,2.499793737008199,TRAIN_0636,stable,0.08625054301096208
1.9566243489583333,1.9566243489583333,1.9163886176215277,TRAIN_0637,stable,0.050170827503767376
17.212049696180557,15.21209716796875,13.949034850688637,TRAIN_0638,unstable,0.7893227022950113
1.6881035698784723,1.6803927951388888,1.6515096709082357,TRAIN_0639,stable,0.03356353003562153
10.728617350260416,10.554612901475695,9.717531746446488,TRAIN_0640,unstable,0.6863142980282297
2.356662326388889,2.3492567274305554,2.320353598366081,TRAIN_0641,stable,0.07491211461201305
2.1755438910590277,2.175143771701389,2.132436127877067,TRAIN_0642,stable,0.0637104201182191
1.9718356662326388,1.9710489908854167,1.9318335967983558,TRAIN_0643,stable,0.051111607102733186
6.193976508246528,6.069342719184028,5.609061341443411,TRAIN_0644,unstable,0.614268182307941
1.485595703125,1.4823404947916667,1.4533918898861367,TRAIN_0645,stable,0.02103895598090998
2.9076402452256946,2.906704372829861,2.8521181217847102,TRAIN_0646,stable,0.10898863646577012
5.186319986979167,5.103407118055555,4.739529238629633,TRAIN_0647,unstable,0.5982585928240491
8.190877278645834,6.836920844184028,6.544689710057832,TRAIN_0648,unstable,0.645994828143519
9.066826714409721,8.70083957248264,8.21459502776907,TRAIN_0649,unstable,0.6599118629458033
2.3372056749131946,2.2881062825520835,2.2319865543928255,TRAIN_0650,unstable,0.5529920267212586
2.8489244249131946,2.8473103841145835,2.8019679766612087,TRAIN_0651,stable,0.10535721882517897
21.582505967881943,20.475056966145832,18.395156707253346,TRAIN_0652,unstable,0.8587602629027045
4.604532877604167,4.280531141493055,4.072515617379111,TRAIN_0653,unstable,0.5890151923284129
8.029242621527779,7.921061197916667,7.73789512495355,TRAIN_0654,unstable,0.6434267859066911
7.151190863715278,6.510701497395833,6.108195349878646,TRAIN_0655,unstable,0.6294763495313005
5.624911838107639,5.299302842881945,5.053209727956034,TRAIN_0656,unstable,0.6052269152031031
6.295389811197917,6.233547634548611,5.883576970435305,TRAIN_0657,unstable,0.6158794310957871
5.000400119357639,4.949551052517361,4.638048912680579,TRAIN_0658,unstable,0.5953047085443379
2.2024943033854165,2.202480740017361,2.1639098100438963,TRAIN_0659,stable,0.06537723158780899
6.164286295572917,6.023607042100695,5.624304480465846,TRAIN_0660,unstable,0.6137964658980714
2.3269178602430554,2.3221367730034723,2.2920063632609273,TRAIN_0661,stable,0.07307249832977318
5.251132541232639,5.207661946614583,4.785286576275665,TRAIN_0662,unstable,0.5992883309988148
4.512227376302083,4.083597819010417,3.929860535008187,TRAIN_0663,unstable,0.5875486477750242
20.203898111979168,18.973347981770832,17.437796443512514,TRAIN_0664,unstable,0.836857019717703
2.0633138020833335,2.0627644856770835,2.027476412441065,TRAIN_0665,stable,0.056769287000392486
1.7872992621527777,1.7872992621527777,1.7489765327422426,TRAIN_0666,stable,0.03969852031385284
4.632683648003472,4.596320258246528,4.472298295025664,TRAIN_0667,unstable,0.5894624501670079
1.9361843532986112,1.9354790581597223,1.89624050654961,TRAIN_0668,stable,0.04890666802481823
2.424587673611111,2.4239366319444446,2.3830359780358723,TRAIN_0669,stable,0.07911311704769809
1.3970065646701388,1.3950602213541667,1.366804890542259,TRAIN_0670,stable,0.015559952904097517
5.257107204861111,5.050103081597222,4.672553304490083,TRAIN_0671,unstable,0.5993832561146428
6.786688910590278,6.048387315538195,5.89821526943109,TRAIN_0672,unstable,0.6236851632367202
6.27490234375,5.628106011284722,5.325051831118195,TRAIN_0673,unstable,0.6155539273785153
16.695780436197918,14.920647515190971,14.479019783102242,TRAIN_0674,unstable,0.7811202456631828
1.9922756618923612,1.9907362196180556,1.9535225790612802,TRAIN_0675,stable,0.05237576658168234
3.09771728515625,3.0975341796875,3.0499669716110995,TRAIN_0676,stable,0.12074439687585199
1.8183525933159723,1.8183525933159723,1.779887267091114,TRAIN_0677,stable,0.04161908642337779
2.9590589735243054,2.9590589735243054,2.906277081373676,TRAIN_0678,stable,0.1121687483335181
21.261617024739582,19.5941162109375,17.916830969406124,TRAIN_0679,unstable,0.8536619976295658
3.0911797417534723,3.0911458333333335,3.0452658583443655,TRAIN_0680,stable,0.12034006716858359
19.17559136284722,15.990349663628471,15.705450573272307,TRAIN_0681,unstable,0.8205193405882987
4.889370388454861,4.754503038194445,4.5407039170281145,TRAIN_0682,unstable,0.5935406744962828
4.591444227430555,4.056471082899305,3.9348500399552333,TRAIN_0683,unstable,0.5888072405990734
1.9960869683159723,1.99591064453125,1.9559525539776685,TRAIN_0684,stable,0.05261148576786995
6.095553927951389,5.363898383246528,5.051711588178767,TRAIN_0685,unstable,0.6127044499515139
3.043850368923611,3.036282009548611,2.9745102807608115,TRAIN_0686,stable,0.11741287108245681
2.20428466796875,2.2035590277777777,2.1635848789222174,TRAIN_0687,stable,0.0654879608852352
5.989969889322917,5.939337836371528,5.680246569329768,TRAIN_0688,unstable,0.6110269367525052
3.2025553385416665,3.2025553385416665,3.158772990589291,TRAIN_0689,stable,0.12722835221263862
2.369900173611111,2.36962890625,2.3318249189645464,TRAIN_0690,stable,0.07573084032631588
17.00039333767361,16.268697102864582,15.747033659652546,TRAIN_0691,unstable,0.7859599181122724
4.465352376302083,4.425611707899305,4.298322107037928,TRAIN_0692,unstable,0.5868039004417628
12.45541720920139,12.300760904947916,11.42440286705105,TRAIN_0693,unstable,0.7137495959487125
12.510443793402779,12.490498860677084,11.90483401159246,TRAIN_0694,unstable,0.7146238551880186
5.06402587890625,4.874471028645833,4.518731374184202,TRAIN_0695,unstable,0.59631559099235
3.0193074544270835,3.0187242296006946,2.9741555918817935,TRAIN_0696,stable,0.1158949569635726
12.465101453993055,12.247795952690971,11.803738721991419,TRAIN_0697,unstable,0.7139034586790217
1.9166802300347223,1.9166802300347223,1.8784196244788764,TRAIN_0698,stable,0.0477003897695237
1.9467705620659723,1.9467705620659723,1.909882941329315,TRAIN_0699,stable,0.04956139693876636
2.6691826714409723,2.6655137803819446,2.632597890320165,TRAIN_0700,stable,0.09424066845023923
4.97607421875,4.935336642795139,4.596718880643813,TRAIN_0701,unstable,0.5949182200193945
4.447136773003472,4.433186848958333,4.325148816004157,TRAIN_0702,unstable,0.5865144919728478
4.710320366753472,4.526645236545139,4.23530765166295,TRAIN_0703,unstable,0.5906959379377222
12.979139539930555,12.938951280381945,12.402613905981452,TRAIN_0704,unstable,0.7220704665445534
2.3104790581597223,2.212890625,2.1833067645551725,TRAIN_0705,unstable,0.5525673957547679
1.9102037217881944,1.9102037217881944,1.8719578136612782,TRAIN_0706,stable,0.047299834924667536
1.7445271809895833,1.7222018771701388,1.6957096481181484,TRAIN_0707,stable,0.03705318062117458
2.6688368055555554,2.6684773763020835,2.634031229859079,TRAIN_0708,stable,0.09421927756323643
5.774203830295139,5.728108723958333,5.398439563990791,TRAIN_0709,unstable,0.6075988578816939
6.964925130208333,5.513407389322917,5.2970954841151645,TRAIN_0710,unstable,0.6265169701540783
15.028035481770834,14.987101236979166,14.028173338210703,TRAIN_0711,unstable,0.7546232087059584
14.80517578125,14.709757486979166,13.904487306501995,TRAIN_0712,unstable,0.7510824264626657
3.00689697265625,3.00689697265625,2.9637877125139354,TRAIN_0713,stable,0.11512740160641369
2.5575425889756946,2.5298258463541665,2.5154428698236018,TRAIN_0714,stable,0.08733602566906443
2.228908962673611,2.2269965277777777,2.1886364650832633,TRAIN_0715,stable,0.06701090815400242
1.5986192491319444,1.5920545789930556,1.5633497064506108,TRAIN_0716,stable,0.02802916231009596
1.3169420030381944,1.31585693359375,1.28850975872991,TRAIN_0717,stable,0.010608172277530276
6.596408420138889,6.395711263020833,5.940573713231025,TRAIN_0718,unstable,0.6206619976295659
17.284037272135418,15.698357476128471,15.331330150886346,TRAIN_0719,unstable,0.7904664368063786
1.6988254123263888,1.6942409939236112,1.6650236165908934,TRAIN_0720,stable,0.03422664753270798
7.387539333767361,6.247789171006945,5.9830995444159925,TRAIN_0721,unstable,0.633231440577524
2.4441596137152777,2.4427490234375,2.4041508986842715,TRAIN_0722,stable,0.0803235895945618
16.22708468967014,14.493035210503471,14.1817012065319,TRAIN_0723,unstable,0.773673634306648
3.0265435112847223,3.019009060329861,2.954560698385533,TRAIN_0724,stable,0.1163424878740035
1.8180813259548612,1.8180813259548612,1.7782563514666947,TRAIN_0725,stable,0.041602309257101094
2.9027845594618054,2.89794921875,2.836211806644254,TRAIN_0726,stable,0.1086883251894172
2.2790662977430554,2.2759874131944446,2.241051669990826,TRAIN_0727,stable,0.07011300619856375
1.82843017578125,1.8132120768229167,1.7859581898065888,TRAIN_0728,stable,0.042242358150557095
1.9421318901909723,1.9421318901909723,1.9034696002734812,TRAIN_0729,stable,0.049274507395434826
2.178554958767361,2.1778564453125,2.13889437774352,TRAIN_0730,stable,0.06389664666389046
1.7419976128472223,1.7418891059027777,1.705294345046277,TRAIN_0731,stable,0.03689673354564439
3.0318806966145835,3.0269029405381946,2.9659310422037577,TRAIN_0732,stable,0.11667257862049753
22.035081651475693,20.55066596137153,18.739142932133444,TRAIN_0733,unstable,0.8659507596164207
11.735154893663195,11.717787000868055,10.949264974321233,TRAIN_0734,unstable,0.7023061092554682
21.61113823784722,20.30386013454861,18.313471164370238,TRAIN_0735,unstable,0.859215170779011
5.862711588541667,5.772257486979167,5.461219994563765,TRAIN_0736,unstable,0.609005064109471
5.427497016059028,5.232123480902778,4.989496396226716,TRAIN_0737,unstable,0.6020903997414072
1.5807427300347223,1.5747816297743056,1.5466217415255712,TRAIN_0738,stable,0.026923547052461604
4.780470106336805,4.238132052951389,4.1645562247421966,TRAIN_0739,unstable,0.5918104730093741
2.3195258246527777,2.3159315321180554,2.2813460549560456,TRAIN_0740,stable,0.07261532054873317
15.501532660590279,15.496446397569445,14.698923735404183,TRAIN_0741,unstable,0.7621461049455878
4.167880588107639,4.121826171875,3.867085048940624,TRAIN_0742,unstable,0.5820776855942248
11.957817925347221,11.874979654947916,11.193927335367022,TRAIN_0743,unstable,0.7058437668354703
3.7565850151909723,3.0981580946180554,3.1121608205374978,TRAIN_0744,unstable,0.5755430449305032
2.1058824327256946,2.1051093207465277,2.070097255246075,TRAIN_0745,stable,0.05940204381836323
7.238932291666667,7.19647216796875,6.7752938215637775,TRAIN_0746,unstable,0.6308703803469454
5.847086588541667,5.719061957465278,5.369748028004227,TRAIN_0747,unstable,0.6087568149983839
7.164706759982639,6.221211751302083,5.922979235073218,TRAIN_0748,unstable,0.6296910893222714
3.227023654513889,2.8555365668402777,2.77594633750958,TRAIN_0749,unstable,0.5671294041590347
6.880622016059028,5.923895941840278,5.595845903264063,TRAIN_0750,unstable,0.6251775670725138
10.661458333333334,10.421122233072916,10.151288506356547,TRAIN_0751,unstable,0.685247279387997
5.370232476128472,5.302937825520833,4.935272046687744,TRAIN_0752,unstable,0.6011805839887944
6.957587348090278,6.933729383680555,6.729217041650699,TRAIN_0753,unstable,0.6264003878892361
2.08514404296875,2.084377712673611,2.05172184008907,TRAIN_0754,stable,0.058119429456509705
5.08758544921875,4.794257269965278,4.536747654943562,TRAIN_0755,unstable,0.5966899041051611
2.3004896375868054,2.2963460286458335,2.2626929309721637,TRAIN_0756,stable,0.07143798290526593
1.3699137369791667,1.3691338433159723,1.340505860100799,TRAIN_0757,stable,0.013884333422212371
4.575330946180555,4.327562120225695,4.124813220174017,TRAIN_0758,unstable,0.5885512337032648
2.423550075954861,2.4220106336805554,2.3826626678772995,TRAIN_0759,stable,0.07904894438668973
6.078375922309028,6.078375922309028,5.877172248242115,TRAIN_0760,unstable,0.612431526775132
2.8693983289930554,2.8689507378472223,2.8174830181188453,TRAIN_0761,stable,0.10662347544991267
5.186238606770833,5.101603190104167,4.978684690795127,TRAIN_0762,unstable,0.5982572998599289
2.3210042317708335,2.3189561631944446,2.2859029156795803,TRAIN_0763,stable,0.07270675610494119
4.579494900173611,4.416741265190972,4.158482534918187,TRAIN_0764,unstable,0.5886173903674173
3.345126681857639,3.2870890299479165,3.2173997644419474,TRAIN_0765,unstable,0.5690058183385411
4.498175726996528,4.263434516059028,4.170601767175306,TRAIN_0766,unstable,0.5873253959702619
3.1623738606770835,3.1623738606770835,3.1165090594226124,TRAIN_0767,stable,0.12474323445790284
6.225728352864583,6.078342013888889,5.574333925222385,TRAIN_0768,unstable,0.6147726538088568
17.38260226779514,16.60974799262153,15.206517270930592,TRAIN_0769,unstable,0.7920324318500161
3.153293185763889,3.1528862847222223,3.108306192988492,TRAIN_0770,stable,0.12418161881679037
19.22353786892361,19.01410590277778,16.943759267545463,TRAIN_0771,unstable,0.8212811119491434
5.308186848958333,5.10260009765625,4.985214068959611,TRAIN_0772,unstable,0.6001948065941171
1.6393568250868056,1.6362847222222223,1.6058478211878136,TRAIN_0773,stable,0.030548673255698995
16.17538791232639,13.950154622395834,13.701788123679048,TRAIN_0774,unstable,0.772852278849262
2.421719021267361,2.419155544704861,2.3807270527771967,TRAIN_0775,stable,0.07893569851432201
3.9475029839409723,3.694973415798611,3.614527061232755,TRAIN_0776,unstable,0.5785763387565995
12.75143093532986,12.721150716145834,12.196977891074996,TRAIN_0777,unstable,0.718452645189096
2.5276285807291665,2.5251668294270835,2.4872044365187196,TRAIN_0778,stable,0.08548592365790159
3.065090603298611,3.0573662651909723,2.99592579558453,TRAIN_0779,stable,0.11872652320192222
8.45791286892361,8.426133897569445,7.7351169026239095,TRAIN_0780,unstable,0.6502374744100852
14.23263210720486,14.13818359375,13.686519967273725,TRAIN_0781,unstable,0.7419858851416874
13.601969401041666,13.032396104600695,12.678684649968936,TRAIN_0782,unstable,0.7319659519448336
2.8264838324652777,2.82177734375,2.7793762592611944,TRAIN_0783,stable,0.10396932774493914
1.9260525173611112,1.9260525173611112,1.8870127893034652,TRAIN_0784,stable,0.04828004086438358
2.0908067491319446,2.0902506510416665,2.055988403910024,TRAIN_0785,stable,0.05846965280253578
1.9329494900173612,1.932861328125,1.8905506736503044,TRAIN_0786,stable,0.04870660031696862
5.17718505859375,5.174004448784722,4.908854552247364,TRAIN_0787,unstable,0.5981134576015515
21.88985866970486,20.24511040581597,18.32156656719592,TRAIN_0788,unstable,0.8636434651438423
3.2131144205729165,3.2129923502604165,3.1684847023353306,TRAIN_0789,stable,0.12788140340995907
2.78472900390625,2.77984619140625,2.7389016947042806,TRAIN_0790,stable,0.10138690242579851
10.708597819010416,10.661878797743055,9.281299830634813,TRAIN_0791,unstable,0.6859962288546493
13.27090793185764,13.15201144748264,12.583045327233718,TRAIN_0792,unstable,0.7267060661566642
5.48516845703125,5.438395182291667,5.102685560483731,TRAIN_0793,unstable,0.6030066803146213
6.956088595920139,6.098347981770833,5.69636288986291,TRAIN_0794,unstable,0.6263765758000216
6.051127115885417,5.777119954427083,5.279706928730897,TRAIN_0795,unstable,0.6119985992888698
6.698716905381945,6.612250434027778,6.451932920571466,TRAIN_0796,unstable,0.6222874690227347
6.215291341145833,6.157721625434028,5.870869682252474,TRAIN_0797,unstable,0.6146068311604354
2.8266533745659723,2.6604410807291665,2.584688830933842,TRAIN_0798,unstable,0.560768343928456
14.36630588107639,14.32797580295139,13.237592353381352,TRAIN_0799,unstable,0.7441096864562009
4.003974066840278,3.76953125,3.525438505050109,TRAIN_0800,unstable,0.5794735481090401
3.1047837999131946,3.1047837999131946,3.061507220429499,TRAIN_0801,stable,0.12118144205735996
5.162190755208333,4.917514377170139,4.537031646467682,TRAIN_0802,unstable,0.5978752289623963
14.907904730902779,14.76565890842014,14.38844846500778,TRAIN_0803,unstable,0.7527145781704558
6.330186631944445,6.220404730902778,5.70935689131596,TRAIN_0804,unstable,0.6164322810042022
1.97357177734375,1.9729953342013888,1.9337434233541781,TRAIN_0805,stable,0.051218980966904054
3.1474473741319446,3.1474473741319446,3.100465795090986,TRAIN_0806,stable,0.12382007088352755
18.149339463975693,16.40582953559028,16.026947940073683,TRAIN_0807,unstable,0.8042143088029308
1.3190171983506944,1.3178914388020833,1.2902626312607417,TRAIN_0808,stable,0.01073651759954701
5.012424045138889,4.959547254774305,4.827794194442993,TRAIN_0809,unstable,0.5954957439931042
1.3900349934895833,1.3878851996527777,1.3593406833179464,TRAIN_0810,stable,0.015128779730786392
8.05776638454861,7.543056911892361,7.258801469125964,TRAIN_0811,unstable,0.6438799698308372
2.9437934027777777,2.9433797200520835,2.8945302747076482,TRAIN_0812,stable,0.11122461330129695
23.58200412326389,22.02142333984375,21.04780955688522,TRAIN_0813,unstable,0.8905281758431205
6.389438205295139,6.342319064670139,6.012509825503415,TRAIN_0814,unstable,0.617373666630751
19.0142822265625,18.015211317274307,16.360920815696417,TRAIN_0815,unstable,0.8179564702079518
3.5372111002604165,3.3028361002604165,3.2054367150484255,TRAIN_0816,unstable,0.572057644650361
5.017008463541667,4.894951714409722,4.737246374089849,TRAIN_0817,unstable,0.595568580971878
2.886379665798611,2.5356648763020835,2.4794944783029664,TRAIN_0818,unstable,0.5617172718457063
1.78369140625,1.7674696180555556,1.740180597833345,TRAIN_0819,stable,0.03947538400237278
6.245781792534722,6.234544542100695,6.034764998998398,TRAIN_0820,unstable,0.6150912617174874
2.269137912326389,2.2662896050347223,2.2313031239475913,TRAIN_0821,stable,0.06949896191283664
7.6148681640625,6.369093153211805,6.031177964453271,TRAIN_0822,unstable,0.6368432281004203
4.037387424045139,3.9815741644965277,3.879830827149526,TRAIN_0823,unstable,0.5800044176274108
5.783582899305555,5.710157606336805,5.389477897425736,TRAIN_0824,unstable,0.6077478719965521
2.7628648546006946,2.758022732204861,2.7169036128094803,TRAIN_0825,stable,0.10003466282389671
5.014940049913195,4.980665418836805,4.704260126891432,TRAIN_0826,unstable,0.5955357181338218
6.649834526909722,6.180630154079861,5.781496680921358,TRAIN_0827,unstable,0.6215108285745071
1.6318359375,1.6264987521701388,1.5982240062360646,TRAIN_0828,stable,0.03008352632067756
2.6042277018229165,2.5979817708333335,2.5685907234183385,TRAIN_0829,stable,0.09022337598528403
4.768378363715278,4.697421603732639,4.456302366394928,TRAIN_0830,unstable,0.5916183600905075
1.3939276801215277,1.3931816948784723,1.3638569900246191,TRAIN_0831,stable,0.015369532066856999
3.3316650390625,3.155795627170139,3.1083532791959896,TRAIN_0832,unstable,0.5687919405236506
4.964321560329861,4.749660915798611,4.53064180315316,TRAIN_0833,unstable,0.594731494451029
2.953213161892361,2.9463568793402777,2.8882540189302883,TRAIN_0834,stable,0.11180720040025528
1.6082831488715277,1.6036376953125,1.5750562766368217,TRAIN_0835,stable,0.0286268488587033
19.628465440538193,18.558363172743057,16.808717861622075,TRAIN_0836,unstable,0.8277145781704558
4.249911838107639,4.177286783854167,4.003381610758373,TRAIN_0837,unstable,0.5833809934274324
3.7975531684027777,3.603237575954861,3.4324875189796433,TRAIN_0838,unstable,0.5761939446180369
7.788004557291667,7.508612738715278,7.323311750794024,TRAIN_0839,unstable,0.6395940092662429
13.954840766059029,12.665629069010416,12.304220992718786,TRAIN_0840,unstable,0.7375723521172288
5.380296495225695,4.908515082465278,4.835368813834018,TRAIN_0841,unstable,0.6013404805516648
12.06148952907986,12.022847493489584,11.676692218419037,TRAIN_0842,unstable,0.7074908953776533
5.683207194010417,5.649610731336805,5.38010928445658,TRAIN_0843,unstable,0.6061531085012392
2.3235337999131946,2.3214857313368054,2.2849547954263056,TRAIN_0844,stable,0.0728632031804714
9.999315049913195,9.920098198784721,9.070938184065518,TRAIN_0845,unstable,0.6747271845706282
3.8997938368055554,3.6877983940972223,3.61519118996191,TRAIN_0846,unstable,0.5778183385411055
8.935736762152779,8.896531846788195,8.610940843211457,TRAIN_0847,unstable,0.6578291132421076
1.4590182834201388,1.4569159613715277,1.4278229678354932,TRAIN_0848,stable,0.019395213114950547
11.716654459635416,10.516092936197916,10.20342620656819,TRAIN_0849,unstable,0.7020121754121323
2.1947699652777777,2.1947699652777777,2.1492124264765655,TRAIN_0850,stable,0.06489950177808004
1.6496853298611112,1.6448092990451388,1.615049341627764,TRAIN_0851,stable,0.03118746386168425
5.336880154079861,5.082546657986111,4.800919560064218,TRAIN_0852,unstable,0.6006506841935136
7.363260904947917,6.387037489149305,6.028134802822197,TRAIN_0853,unstable,0.6328457062816507
2.2060953776041665,2.204067654079861,2.170497478937315,TRAIN_0854,stable,0.06559994847013215
2.762179904513889,2.7574869791666665,2.7151783206391094,TRAIN_0855,stable,0.09999230047904802
2.1857367621527777,2.1857367621527777,2.145439519354155,TRAIN_0856,stable,0.06434082214106601
8.54324679904514,7.331522623697917,7.038867940516419,TRAIN_0857,unstable,0.6515932550371728
1.3373141818576388,1.3368937174479167,1.3084948372105514,TRAIN_0858,stable,0.01186813746491025
2.4504869249131946,2.44586181640625,2.4120117777211654,TRAIN_0859,stable,0.08071491699796579
6.254475911458333,5.732767740885417,5.381389140196779,TRAIN_0860,unstable,0.6152293933843336
1.3085259331597223,1.3072509765625,1.2795113259113133,TRAIN_0861,stable,0.010087660693795747
2.8955145941840277,2.8955145941840277,2.8440990412558644,TRAIN_0862,stable,0.10823869713320172
3.0700141059027777,3.0695258246527777,3.0266812996809382,TRAIN_0863,stable,0.11903102876984425
23.892476399739582,22.221021864149307,21.30805017194178,TRAIN_0864,unstable,0.8954609417088676
2.7503119574652777,2.7410346137152777,2.6991072718160654,TRAIN_0865,stable,0.0992582994544425
5.454108344184028,5.316202799479167,5.110733128621737,TRAIN_0866,unstable,0.6025131990087276
16.316419813368057,14.000752766927084,13.752831908771425,TRAIN_0867,unstable,0.7750929856696477
1.6419609917534723,1.63751220703125,1.6083606052292365,TRAIN_0868,stable,0.030709734051955297
3.5707465277777777,3.5672200520833335,3.5177953430198463,TRAIN_0869,stable,0.15000000000000002
2.329745822482639,2.3295491536458335,2.292587728227483,TRAIN_0870,stable,0.07324740028820775
8.96749538845486,8.89944797092014,8.51012761723105,TRAIN_0871,unstable,0.6583336924900334
2.1468098958333335,2.1449110243055554,2.1118282231643093,TRAIN_0872,stable,0.06193329878035995
13.02022976345486,12.965128580729166,11.838912096310619,TRAIN_0873,unstable,0.7227233056782675
11.90439181857639,11.903245713975695,11.240340318966869,TRAIN_0874,unstable,0.7049949358905291
6.445963541666667,6.404893663194445,5.968693364999942,TRAIN_0875,unstable,0.6182717379592717
5.818006727430555,5.7459716796875,5.414155629078991,TRAIN_0876,unstable,0.608294795819416
2.1462877061631946,2.1462877061631946,2.1035271243772646,TRAIN_0877,stable,0.061901002735277315
3.06475830078125,2.9514363606770835,2.9100644591128417,TRAIN_0878,unstable,0.5645513414502747
2.3491346571180554,2.3479410807291665,2.3142060811791616,TRAIN_0879,stable,0.0744465482478347
2.234646267361111,2.233005099826389,2.198459609650804,TRAIN_0880,stable,0.06736574522075457
2.2269219292534723,2.2269083658854165,2.190956935081638,TRAIN_0881,stable,0.06688801541102561
14.490831163194445,12.451789008246529,12.183918204816113,TRAIN_0882,unstable,0.7460881370541967
1.9627346462673612,1.9620090060763888,1.9235440200697929,TRAIN_0883,stable,0.05054873317415
2.0563218858506946,2.0556776258680554,2.0211962328130806,TRAIN_0884,stable,0.05633685553961061
3.9979451497395835,3.87646484375,3.6696732661751557,TRAIN_0885,unstable,0.5793777610171318
1.9375474717881944,1.9375474717881944,1.8980070331733676,TRAIN_0886,stable,0.04899097328535863
7.397196451822917,6.2567138671875,5.8810635513197935,TRAIN_0887,unstable,0.6333848723197932
2.639797634548611,2.6350843641493054,2.60433035701325,TRAIN_0888,stable,0.092423281913316
5.353651258680555,5.280571831597222,5.020485562225648,TRAIN_0889,unstable,0.6009171425492943
2.068325466579861,2.067626953125,2.031414869769893,TRAIN_0890,stable,0.05707924514735447
10.103902180989584,10.006734212239584,9.168242557657468,TRAIN_0891,unstable,0.6763888589591639
29.84284125434028,25.25634765625,24.8196893108684,TRAIN_0892,unstable,0.99
5.295749240451389,5.264458550347222,5.111507238574473,TRAIN_0893,unstable,0.5999971985777395
1.32391357421875,1.3229031032986112,1.2955186178320095,TRAIN_0894,stable,0.011039345450841401
12.027669270833334,11.86776394314236,11.430239674239653,TRAIN_0895,unstable,0.7069535610386812
2.4471435546875,2.4241943359375,2.4068852101768625,TRAIN_0896,stable,0.08050813842360549
6.095438639322917,6.047614203559028,5.8387142026880685,TRAIN_0897,unstable,0.6127026182523435
2.2447984483506946,2.2424248589409723,2.207607919954536,TRAIN_0898,stable,0.06799363066865997
1.9806925455729167,1.9798787434895833,1.9412455082116895,TRAIN_0899,stable,0.051659381581667364
4.3255615234375,4.301981608072917,4.062116369887472,TRAIN_0900,unstable,0.5845829113242108
5.470621744791667,5.445814344618055,5.0880608702184364,TRAIN_0901,unstable,0.6027755629781274
8.959954155815971,8.899027506510416,8.139616661114305,TRAIN_0902,unstable,0.6582138778148907
2.8837958441840277,2.8837144639756946,2.828757306981025,TRAIN_0903,stable,0.1075139235500484
1.3664957682291667,1.3654039171006944,1.3364717560778405,TRAIN_0904,stable,0.013672941127125983
1.8312717013888888,1.8123779296875,1.7856210561899037,TRAIN_0905,stable,0.0424180989673055
24.14617919921875,22.866495768229168,22.217623333202695,TRAIN_0906,unstable,0.8994917573537335
4.487474229600695,4.286126030815972,4.041873043064556,TRAIN_0907,unstable,0.5871553711884495
1.5903998480902777,1.5824788411458333,1.5544583970221921,TRAIN_0908,stable,0.027520814171912024
18.81496853298611,15.688245985243055,15.216101809090196,TRAIN_0909,unstable,0.81478978558345
1.4708523220486112,1.4672512478298612,1.4385527033470944,TRAIN_0910,stable,0.020127116993771475
7.059299045138889,6.898532443576389,6.3704484466813565,TRAIN_0911,unstable,0.6280163775455232
5.21771240234375,5.066351996527778,4.666889328178709,TRAIN_0912,unstable,0.598757353733434
3.0434366861979165,3.0434366861979165,2.9974346182152316,TRAIN_0913,stable,0.11738728590388482
5.04364013671875,4.89892578125,4.774139823899398,TRAIN_0914,unstable,0.5959917034802285
1.6017049153645833,1.5941297743055556,1.5659546669598892,TRAIN_0915,stable,0.02822000257649339
1.4063788519965277,1.4049479166666667,1.3758545148687176,TRAIN_0916,stable,0.01613960399895741
5.502766927083333,5.258775499131945,4.919869095806914,TRAIN_0917,unstable,0.6032862838056244
5.737053765190972,5.625074598524305,5.087275601106699,TRAIN_0918,unstable,0.6070086197608017
6.762071397569445,6.657986111111111,6.464784960284281,TRAIN_0919,unstable,0.6232940415903458
3.098483615451389,3.098483615451389,3.051176379489793,TRAIN_0920,stable,0.12079179237058366
2.3838568793402777,2.383212619357639,2.3450013227686037,TRAIN_0921,stable,0.07659402553125197
1.7664320203993056,1.7662421332465277,1.728320385079896,TRAIN_0922,stable,0.038407936798017905
18.043355305989582,16.92087131076389,15.217426165379102,TRAIN_0923,unstable,0.8025304385303308
10.807515462239584,10.558369954427084,10.250934466160349,TRAIN_0924,unstable,0.6875678267428079
1.7950439453125,1.7720743815104167,1.7455816988340767,TRAIN_0925,stable,0.04017750841105256
1.3480292426215277,1.3471611870659723,1.3195139396948161,TRAIN_0926,stable,0.012530835532839795
1.7067464192708333,1.70672607421875,1.6681815905448718,TRAIN_0927,stable,0.03471654078798755
1.7471381293402777,1.7471381293402777,1.70795750555962,TRAIN_0928,stable,0.03721466084658779
1.7563273111979167,1.7392306857638888,1.711746788521054,TRAIN_0929,stable,0.03778298735421093
5.501912434895833,5.373019748263889,5.037954726656854,TRAIN_0930,unstable,0.6032727076823619
6.616963704427083,6.478447808159722,6.136152127824809,TRAIN_0931,unstable,0.6209885788169378
1.5811767578125,1.5773518880208333,1.5485116766536604,TRAIN_0932,stable,0.026950390518504314
12.60369873046875,12.533494737413195,11.94226840843901,TRAIN_0933,unstable,0.7161054843228101
2.2627495659722223,2.262661404079861,2.2287438207291084,TRAIN_0934,stable,0.06910385964702041
2.596591525607639,2.578647189670139,2.555801487996737,TRAIN_0935,stable,0.08975109875459501
3.0283270941840277,3.028225368923611,2.9822721562833867,TRAIN_0936,stable,0.11645279774227278
5.672932942708333,5.579155815972222,5.213742758340882,TRAIN_0937,unstable,0.6059898717810581
2.6863267686631946,2.682590060763889,2.6478783172641442,TRAIN_0938,stable,0.09530098535892653
1.6445651584201388,1.6390923394097223,1.610193383689265,TRAIN_0939,stable,0.030870794848211584
2.1647406684027777,2.1646728515625,2.1212247340309713,TRAIN_0940,stable,0.06304226947124963
5.187798394097222,4.991373697916667,4.741685655381945,TRAIN_0941,unstable,0.5982820816722336
6.320536295572917,6.013963487413195,5.734297248786464,TRAIN_0942,unstable,0.6162789570089431
4.380106608072917,4.266825358072917,4.1680660751042256,TRAIN_0943,unstable,0.5854495205258055
5.022427029079861,4.796888563368055,4.596673926470759,TRAIN_0944,unstable,0.5956546708328844
7.138970269097222,6.989895290798611,6.667382871471165,TRAIN_0945,unstable,0.6292821894192436
5.789096408420139,5.729546440972222,5.383550705585459,TRAIN_0946,unstable,0.6078354703156987
2.868197970920139,2.86761474609375,2.8179585071621838,TRAIN_0947,stable,0.10654923648913829
5.083089192708333,4.822828504774305,4.476982873684852,TRAIN_0948,unstable,0.5966184678375176
2.739535861545139,2.7339613172743054,2.6940722003030935,TRAIN_0949,stable,0.09859182652410071
8.690714518229166,8.66265869140625,8.29200552405588,TRAIN_0950,unstable,0.6539362137700679
3.7413533528645835,3.134426540798611,3.136359252702875,TRAIN_0951,unstable,0.5753010451459972
6.074211968315972,5.973551432291667,5.8090565148803295,TRAIN_0952,unstable,0.6123653701109795
16.825093587239582,14.568528917100695,14.353175429418956,TRAIN_0953,unstable,0.7831747656502532
1.3071085611979167,1.3059014214409723,1.2786159848511243,TRAIN_0954,stable,0.01
5.097771538628472,4.983303493923611,4.241396878120935,TRAIN_0955,unstable,0.5968517401142118
18.81219482421875,18.2227783203125,17.600491152692133,TRAIN_0956,unstable,0.8147457170563517
2.686740451388889,2.685085720486111,2.650590741381863,TRAIN_0957,stable,0.09532657053749848
6.198920355902778,6.156880696614583,5.8954949522496864,TRAIN_0958,unstable,0.6143467298782459
21.17148166232639,21.070393880208332,20.29609063813696,TRAIN_0959,unstable,0.8522299321193838
2.8835517035590277,2.8833211263020835,2.835777824228911,TRAIN_0960,stable,0.10749882410039936
2.6132744683159723,2.5894775390625,2.5709394088512636,TRAIN_0961,stable,0.0907828944806119
3.1724310980902777,3.058742947048611,2.9986491747302932,TRAIN_0962,unstable,0.5662620407283698
6.248216417100695,6.146016438802083,5.697213889142918,TRAIN_0963,unstable,0.6151299428940847
9.205552842881945,8.986070421006945,8.57760201648725,TRAIN_0964,unstable,0.662115935782782
2.3597547743055554,2.3572523328993054,2.3215565647790086,TRAIN_0965,stable,0.0751033743075674
1.4464586046006944,1.44537353515625,1.4162123618804578,TRAIN_0966,stable,0.01861843031633946
1.6288113064236112,1.6242201063368056,1.5957374870444883,TRAIN_0967,stable,0.02989646091669239
3.0037367078993054,3.0036214192708335,2.951533527012786,TRAIN_0968,stable,0.11493194761929015
3.1244574652777777,3.1175062391493054,3.056229527933099,TRAIN_0969,stable,0.12239820604157743
2.3004828559027777,2.2937215169270835,2.2642080816625447,TRAIN_0970,stable,0.07143756347610902
5.736850314670139,5.514790852864583,5.1868999683914545,TRAIN_0971,unstable,0.607005387350501
2.0657416449652777,2.0652262369791665,2.0303016982969853,TRAIN_0972,stable,0.05691944263856891
1.7942030164930556,1.7821858723958333,1.753550631191065,TRAIN_0973,stable,0.0401254991955948
16.22320556640625,15.5440673828125,14.017221304086538,TRAIN_0974,unstable,0.7736120030169162
1.3854505750868056,1.3835923936631944,1.3551700156845157,TRAIN_0975,stable,0.014845245620710212
8.293626573350695,8.149576822916666,7.845608703091614,TRAIN_0976,unstable,0.6476273030923392
1.819091796875,1.8044501410590277,1.7763744908520296,TRAIN_0977,stable,0.04166480420148179
4.780361599392361,4.526272243923611,4.3154158973197685,TRAIN_0978,unstable,0.5918087490572137
2.572970920138889,2.548828125,2.5317356955912067,TRAIN_0979,stable,0.08829022700105157
19.075215657552082,17.70366753472222,17.271209796181136,TRAIN_0980,unstable,0.8189245770929857
2.9129096137152777,2.912875705295139,2.860892305406041,TRAIN_0981,stable,0.10931453292069494
16.30493842230903,16.053202311197918,15.530348376242566,TRAIN_0982,unstable,0.7749105699816831
3.215915256076389,3.1741129557291665,3.0993763254903497,TRAIN_0983,unstable,0.5669529145566211
1.3654106987847223,1.3639729817708333,1.3350955958882038,TRAIN_0984,stable,0.013605832462019195
2.334377712673611,2.3334282769097223,2.2982268005620585,TRAIN_0985,stable,0.07353387040238236
2.435268825954861,2.4338311089409723,2.3952875778782285,TRAIN_0986,stable,0.07977371796984306
1.7264675564236112,1.7060343424479167,1.6799388078897248,TRAIN_0987,stable,0.03593624077630345
1.9315660264756944,1.9315660264756944,1.8920181030590975,TRAIN_0988,stable,0.04862103676895746
1.3689236111111112,1.3675944010416667,1.3391259575102772,TRAIN_0989,stable,0.013823096765302422
2.575405544704861,2.553310818142361,2.5357293816846083,TRAIN_0990,stable,0.08844080206838495
2.4872300889756946,2.4862128363715277,2.447467873416307,TRAIN_0991,stable,0.08298738417014447
14.32794189453125,14.221028645833334,13.292784351701854,TRAIN_0992,unstable,0.743500161620515
2.5783555772569446,2.556606716579861,2.538648703868218,TRAIN_0993,stable,0.08862325375164404
6.925218370225695,6.794460720486111,6.620123198022633,TRAIN_0994,unstable,0.6258861114104084
1.9706488715277777,1.9697536892361112,1.9321238029760661,TRAIN_0995,stable,0.05103820700027263
1.3658379448784723,1.3655531141493056,1.3363664471850611,TRAIN_0996,stable,0.013632256498904993
1.3469916449652777,1.3466457790798612,1.3186914507051863,TRAIN_0997,stable,0.012466662871831426
5.634636773003472,5.400505913628472,5.133297515154682,TRAIN_0998,unstable,0.6053814244154725
3.368686252170139,3.3660685221354165,3.3138638216073257,TRAIN_0999,stable,0.13750310826964507
1.3318684895833333,1.33026123046875,1.3028253493633293,TRAIN_1000,stable,0.011531335851905548
